,Brand,Model,Actual Price(in Rs),Discount %,Price(in Rs),Capacity(in Lts),Free Delivery,Range
0,AMERICAN TOURISTER,['78 L Strolley Duffel Bag'],"₹4,090",61% off,1569.0,78 L,Free delivery,"Below ₹2,000"
1,SAFARI,['56 L Strolley Duffel Bag'],"₹3,870",71% off,1109.0,56 L,Free delivery,"Below ₹2,000"
2,Astro,['55 L Strolley Duffel Bag'],"₹2,799",89% off,282.0,55 L,,Below ₹500
3,SD Star,['60 L Strolley Duffel Bag'],"₹2,499",85% off,363.0,60 L,Free delivery,Below ₹500
4,Anjaneya,['60 L Hand Duffel Bag'],₹899,12% off,789.0,60 L,Free delivery,"Below ₹1,000"
5,Wildcraft,['40 L Hand Duffel Bag'],"₹2,199",60% off,869.0,40 L,Free delivery,"Below ₹1,000"
6,Wildcraft,['40 L Hand Duffel Bag'],"₹2,199",60% off,869.0,40 L,Free delivery,"Below ₹1,000"
7,AMERICAN TOURISTER,['52 l Hand Duffel Bag'],"₹2,950",61% off,1129.0,52 l,Free delivery,"Below ₹2,000"
8,Wildcraft,['40 L Hand Duffel Bag'],"₹2,199",60% off,869.0,40 L,Free delivery,"Below ₹1,000"
9,Anjaneya,['60 L Hand Duffel Bag'],₹899,12% off,789.0,60 L,Free delivery,"Below ₹1,000"
10,AMERICAN TOURISTER,,"₹4,500",62% off,1669.0,,Free delivery,"Below ₹2,000"
11,Kamiliant by American Tourister,['66 L Strolley Duffel Bag'],"₹3,750",57% off,1599.0,66 L,Free delivery,"Below ₹2,000"
12,AMERICAN TOURISTER,['78 L Strolley Duffel Bag'],"₹4,090",62% off,1529.0,78 L,Free delivery,"Below ₹2,000"
13,Astro,['80 L Strolley Duffel Bag'],"₹3,941",90% off,389.0,80 L,Free delivery,Below ₹500
14,KLEIO,['45 L Hand Duffel Bag'],,,5000.0,45 L,Free delivery,"Below ₹5,000"
15,Dejan,['75 L Strolley Duffel Bag'],"₹3,999",73% off,1067.0,75 L,Free delivery,"Below ₹2,000"
16,Wildcraft,['30 L Hand Duffel Bag'],"₹1,449",57% off,619.0,30 L,Free delivery,"Below ₹1,000"
17,AMERICAN TOURISTER,['56 L Strolley Duffel Bag'],"₹3,790",61% off,1469.0,56 L,Free delivery,"Below ₹2,000"
18,SAFARI,['55 L Strolley Duffel Bag'],"₹3,870",71% off,1109.0,55 L,Free delivery,"Below ₹2,000"
19,SAFARI,['55 L Strolley Duffel Bag'],"₹3,870",71% off,1109.0,55 L,Free delivery,"Below ₹2,000"
20,AMERICAN TOURISTER,['52 l Strolley Duffel Bag'],"₹4,000",64% off,1409.0,52 l,Free delivery,"Below ₹2,000"
21,ZEDEN,['65 L Strolley Duffel Bag'],"₹2,999",87% off,377.0,65 L,Free delivery,Below ₹500
22,WROGN,['70 L Strolley Duffel Bag'],"₹3,999",83% off,649.0,70 L,Free delivery,"Below ₹1,000"
23,SRR,['60 L Hand Duffel Bag'],₹900,13% off,780.0,60 L,Free delivery,"Below ₹1,000"
24,WROGN,['70 L Strolley Duffel Bag'],"₹3,999",83% off,649.0,70 L,Free delivery,"Below ₹1,000"
25,WROGN,['70 L Strolley Duffel Bag'],"₹3,999",83% off,649.0,70 L,Free delivery,"Below ₹1,000"
26,AMERICAN TOURISTER,['56 L Strolley Duffel Bag'],"₹3,790",62% off,1409.0,56 L,Free delivery,"Below ₹2,000"
27,bayo,['65 L Hand Duffel Bag'],"₹3,999",75% off,999.0,65 L,Free delivery,"Below ₹1,000"
28,SAFARI,['65 L Strolley Duffel Bag'],"₹4,660",72% off,1279.0,65 L,Free delivery,"Below ₹2,000"
29,Anjaneya,['60 L Hand Duffel Bag'],₹899,12% off,789.0,60 L,Free delivery,"Below ₹1,000"
30,Kamiliant by American Tourister,['41 L Strolley Duffel Bag'],"₹3,150",65% off,1089.0,41 L,Free delivery,"Below ₹2,000"
31,Decent Luggage,['90 L Hand Duffel Bag'],"₹2,999",83% off,499.0,90 L,Free delivery,Below ₹500
32,ARISTOCRAT,['37 L Strolley Duffel Bag'],"₹2,700",64% off,959.0,37 L,Free delivery,"Below ₹1,000"
33,SAFARI,['55 L Strolley Duffel Bag'],"₹3,870",71% off,1109.0,55 L,Free delivery,"Below ₹2,000"
34,Wildcraft,['25 L Hand Duffel Bag'],"₹1,449",57% off,619.0,25 L,Free delivery,"Below ₹1,000"
35,Wildcraft,['25 L Hand Duffel Bag'],"₹1,449",57% off,619.0,25 L,Free delivery,"Below ₹1,000"
36,BAG 4 U,['40 L Strolley Duffel Bag'],"₹2,999",87% off,379.0,40 L,Free delivery,Below ₹500
37,AMERICAN TOURISTER,['62 l Strolley Duffel Bag'],"₹4,500",62% off,1709.0,62 l,Free delivery,"Below ₹2,000"
38,Wildcraft,['25 L Hand Duffel Bag'],"₹1,449",57% off,609.0,25 L,Free delivery,"Below ₹1,000"
39,Wildcraft,['25 L Hand Duffel Bag'],"₹1,449",57% off,609.0,25 L,Free delivery,"Below ₹1,000"
40,AMERICAN TOURISTER,['78 L Strolley Duffel Bag'],"₹4,090",61% off,1569.0,78 L,Free delivery,"Below ₹2,000"
41,AMERICAN TOURISTER,['52 l Hand Duffel Bag'],"₹2,950",61% off,1129.0,52 l,Free delivery,"Below ₹2,000"
42,Astro,['55 L Strolley Duffel Bag'],"₹2,999",89% off,306.0,55 L,,Below ₹500
43,Weelza Duffle Luggage,['65 L Strolley Duffel Bag'],"₹3,999",82% off,694.0,65 L,Free delivery,"Below ₹1,000"
44,PERFECT STAR,['60 L Strolley Duffel Bag'],"₹1,999",73% off,526.0,60 L,Free delivery,"Below ₹1,000"
45,PERFECT STAR,['60 L Strolley Duffel Bag'],"₹1,999",72% off,548.0,60 L,Free delivery,"Below ₹1,000"
46,AMERICAN TOURISTER,['78 L Strolley Duffel Bag'],"₹4,090",62% off,1529.0,78 L,Free delivery,"Below ₹2,000"
47,Kamiliant by American Tourister,['66 L Strolley Duffel Bag'],"₹3,750",57% off,1599.0,66 L,Free delivery,"Below ₹2,000"
48,PERFECT STAR,['60 L Strolley Duffel Bag'],"₹1,999",73% off,539.0,60 L,Free delivery,"Below ₹1,000"
49,Aliva Luggage,['56 L Strolley Duffel Bag'],"₹1,999",78% off,439.0,56 L,Free delivery,Below ₹500
50,Wildcraft,['30 L Hand Duffel Bag'],"₹1,449",57% off,619.0,30 L,Free delivery,"Below ₹1,000"
51,AMERICAN TOURISTER,['56 L Strolley Duffel Bag'],"₹3,790",61% off,1469.0,56 L,Free delivery,"Below ₹2,000"
52,Weelza Duffle Luggage,['65 L Strolley Duffel Bag'],"₹3,999",82% off,693.0,65 L,Free delivery,"Below ₹1,000"
53,Weelza Duffle Luggage,['65 L Strolley Duffel Bag'],"₹3,999",82% off,701.0,65 L,Free delivery,"Below ₹1,000"
54,PERFECT STAR,['60 L Strolley Duffel Bag'],"₹1,999",73% off,526.0,60 L,Free delivery,"Below ₹1,000"
55,Weelza Duffle Luggage,['65 L Strolley Duffel Bag'],"₹3,999",82% off,692.0,65 L,Free delivery,"Below ₹1,000"
56,AMERICAN TOURISTER,['52 l Strolley Duffel Bag'],"₹4,000",64% off,1409.0,52 l,Free delivery,"Below ₹2,000"
57,AMERICAN TOURISTER,['56 L Strolley Duffel Bag'],"₹3,790",62% off,1409.0,56 L,Free delivery,"Below ₹2,000"
58,WROGN,['70 L Strolley Duffel Bag'],"₹3,999",83% off,649.0,70 L,Free delivery,"Below ₹1,000"
59,Gear,['45 L Hand Duffel Bag'],"₹1,399",43% off,795.0,45 L,Free delivery,"Below ₹1,000"
60,bayo,['65 L Hand Duffel Bag'],"₹3,999",75% off,999.0,65 L,Free delivery,"Below ₹1,000"
61,ZEDEN,['65 L Strolley Duffel Bag'],"₹2,999",87% off,377.0,65 L,Free delivery,Below ₹500
62,SAFARI,['56 L Strolley Duffel Bag'],"₹3,870",70% off,1139.0,56 L,Free delivery,"Below ₹2,000"
63,Lavie Sport,['37 L Hand Duffel Bag'],"₹3,999",74% off,1039.0,37 L,Free delivery,"Below ₹2,000"
64,Trovety Duffle Luggage,['65 L Strolley Duffel Bag'],"₹1,999",75% off,497.0,65 L,Free delivery,Below ₹500
65,ED EXDAS,['40 L Hand Duffel Bag'],"₹1,469",73% off,396.0,40 L,Free delivery,Below ₹500
66,Wildcraft,['40 L Hand Duffel Bag'],"₹2,999",61% off,1159.0,40 L,Free delivery,"Below ₹2,000"
67,BAG 4 U,['40 L Strolley Duffel Bag'],"₹2,999",87% off,379.0,40 L,Free delivery,Below ₹500
68,ARISTOCRAT,['55 L Hand Duffel Bag'],"₹4,160",78% off,909.0,55 L,Free delivery,"Below ₹1,000"
69,Trovety Duffle Luggage,['65 L Strolley Duffel Bag'],"₹1,999",75% off,499.0,65 L,Free delivery,Below ₹500
70,Wildcraft,['35 L Hand Duffel Bag'],"₹2,549",56% off,1119.0,35 L,Free delivery,"Below ₹2,000"
71,Nice Line,['60 L Strolley Duffel Bag'],"₹2,499",82% off,427.0,60 L,Free delivery,Below ₹500
72,ARISTOCRAT,['37 L Strolley Duffel Bag'],"₹2,700",63% off,989.0,37 L,Free delivery,"Below ₹1,000"
73,Kamiliant by American Tourister,['41 L Strolley Duffel Bag'],"₹3,150",65% off,1089.0,41 L,Free delivery,"Below ₹2,000"
74,Aliva Luggage,['40 L Hand Duffel Bag'],"₹2,299",78% off,489.0,40 L,Free delivery,Below ₹500
75,ARISTOCRAT,['25 L Strolley Duffel Bag'],"₹2,800",70% off,819.0,25 L,Free delivery,"Below ₹1,000"
76,Flyinza Luggage,['65 L Strolley Duffel Bag'],"₹3,499",75% off,847.0,65 L,Free delivery,"Below ₹1,000"
77,Wildcraft,['40 L Hand Duffel Bag'],"₹2,949",61% off,1129.0,40 L,Free delivery,"Below ₹2,000"
78,Trovety Travel Luggage,['55 L Strolley Duffel Bag'],"₹1,985",77% off,450.0,55 L,Free delivery,Below ₹500
79,AMERICAN TOURISTER,['58 L Strolley Duffel Bag'],"₹3,790",55% off,1679.0,58 L,Free delivery,"Below ₹2,000"
80,AMERICAN TOURISTER,['78 L Strolley Duffel Bag'],"₹4,090",61% off,1569.0,78 L,Free delivery,"Below ₹2,000"
81,AMERICAN TOURISTER,['52 l Hand Duffel Bag'],"₹2,950",61% off,1129.0,52 l,Free delivery,"Below ₹2,000"
82,Trovety Travel Luggage,['55 L Strolley Duffel Bag'],"₹1,985",77% off,451.0,55 L,Free delivery,Below ₹500
83,Aliva Luggage,['56 L Strolley Duffel Bag'],"₹1,999",78% off,439.0,56 L,Free delivery,Below ₹500
84,Aliva Luggage,['56 L Strolley Duffel Bag'],"₹1,999",78% off,439.0,56 L,Free delivery,Below ₹500
85,SKYBAGS,['61 L Strolley Duffel Bag'],"₹4,999",68% off,1569.0,61 L,Free delivery,"Below ₹2,000"
86,AMERICAN TOURISTER,['78 L Strolley Duffel Bag'],"₹4,090",62% off,1529.0,78 L,Free delivery,"Below ₹2,000"
87,Kamiliant by American Tourister,['66 L Strolley Duffel Bag'],"₹3,750",57% off,1599.0,66 L,Free delivery,"Below ₹2,000"
88,Gear,['27 L Gym Duffel Bag'],"₹1,499",53% off,699.0,27 L,Free delivery,"Below ₹1,000"
89,ZEDEN,['65 L Strolley Duffel Bag'],"₹2,999",87% off,377.0,65 L,Free delivery,Below ₹500
90,Wildcraft,['30 L Hand Duffel Bag'],"₹1,449",57% off,619.0,30 L,Free delivery,"Below ₹1,000"
91,AMERICAN TOURISTER,['56 L Strolley Duffel Bag'],"₹3,790",61% off,1469.0,56 L,Free delivery,"Below ₹2,000"
92,Trovety Duffle Luggage,['65 L Strolley Duffel Bag'],"₹1,999",75% off,480.0,65 L,Free delivery,Below ₹500
93,BAG 4 U,['40 L Strolley Duffel Bag'],"₹1,999",83% off,330.0,40 L,Free delivery,Below ₹500
94,Trovety Travel Luggage,['55 L Strolley Duffel Bag'],"₹1,985",77% off,452.0,55 L,Free delivery,Below ₹500
95,Urban Travel Luggage,['70 L Strolley Duffel Bag'],"₹3,500",74% off,899.0,70 L,Free delivery,"Below ₹1,000"
96,AMERICAN TOURISTER,['52 l Strolley Duffel Bag'],"₹4,000",64% off,1409.0,52 l,Free delivery,"Below ₹2,000"
97,AMERICAN TOURISTER,['56 L Strolley Duffel Bag'],"₹3,790",62% off,1409.0,56 L,Free delivery,"Below ₹2,000"
98,XERUS,['60 L Strolley Duffel Bag'],"₹1,499",73% off,395.0,60 L,Free delivery,Below ₹500
99,Aliva Luggage,['56 L Strolley Duffel Bag'],"₹1,999",78% off,439.0,56 L,Free delivery,Below ₹500
100,bayo,['65 L Hand Duffel Bag'],"₹3,999",75% off,999.0,65 L,Free delivery,"Below ₹1,000"
101,ZEDEN,['65 L Strolley Duffel Bag'],"₹2,999",87% off,377.0,65 L,Free delivery,Below ₹500
102,Trovety Duffle Luggage,['55 L Strolley Duffel Bag'],"₹2,399",80% off,468.0,55 L,Free delivery,Below ₹500
103,SKYBAGS,['61 L Strolley Duffel Bag'],"₹4,620",64% off,1639.0,61 L,Free delivery,"Below ₹2,000"
104,BAG 4 U,['60 L Strolley Duffel Bag'],"₹2,499",84% off,379.0,60 L,Free delivery,Below ₹500
105,BAG 4 U,['40 L Strolley Duffel Bag'],"₹1,299",70% off,379.0,40 L,Free delivery,Below ₹500
106,Wildcraft,['40 L Hand Duffel Bag'],"₹2,999",61% off,1159.0,40 L,Free delivery,"Below ₹2,000"
107,BAG 4 U,['40 L Strolley Duffel Bag'],"₹2,999",87% off,379.0,40 L,Free delivery,Below ₹500
108,Trovety Duffle Luggage,['55 L Strolley Duffel Bag'],"₹2,399",80% off,467.0,55 L,Free delivery,Below ₹500
109,Trovety Duffle Luggage,['55 L Strolley Duffel Bag'],"₹2,399",80% off,469.0,55 L,Free delivery,Below ₹500
110,Wildcraft,['35 L Hand Duffel Bag'],"₹2,549",56% off,1119.0,35 L,Free delivery,"Below ₹2,000"
111,Nice Line,['60 L Strolley Duffel Bag'],"₹2,499",82% off,427.0,60 L,Free delivery,Below ₹500
112,Trovety Duffle Luggage,['65 L Hand Duffel Bag'],"₹2,299",80% off,453.0,65 L,Free delivery,Below ₹500
113,SD Star,['60 L Strolley Duffel Bag'],"₹2,499",84% off,399.0,60 L,Free delivery,Below ₹500
114,SD Star,['60 L Strolley Duffel Bag'],"₹2,499",84% off,399.0,60 L,Free delivery,Below ₹500
115,Lavie Sport,['65 L Strolley Duffel Bag'],"₹5,590",81% off,1049.0,65 L,Free delivery,"Below ₹2,000"
116,Flyinza Luggage,['65 L Strolley Duffel Bag'],"₹3,499",75% off,847.0,65 L,Free delivery,"Below ₹1,000"
117,Wildcraft,['40 L Hand Duffel Bag'],"₹2,949",61% off,1129.0,40 L,Free delivery,"Below ₹2,000"
118,Trovety Duffle Luggage,['65 L Hand Duffel Bag'],"₹2,155",78% off,469.0,65 L,Free delivery,Below ₹500
119,SKYBAGS,['49 L Hand Duffel Bag'],"₹2,999",72% off,819.0,49 L,Free delivery,"Below ₹1,000"
120,AMERICAN TOURISTER,['78 L Strolley Duffel Bag'],"₹4,090",61% off,1569.0,78 L,Free delivery,"Below ₹2,000"
121,SAFARI,['56 L Strolley Duffel Bag'],"₹3,870",71% off,1109.0,56 L,Free delivery,"Below ₹2,000"
122,Goldline,['50 L Hand Duffel Bag'],"₹1,999",52% off,949.0,50 L,Free delivery,"Below ₹1,000"
123,Trovety Travel Luggage,['55 L Strolley Duffel Bag'],"₹1,985",77% off,452.0,55 L,Free delivery,Below ₹500
124,Trovety Travel Luggage,['55 L Strolley Duffel Bag'],"₹1,985",77% off,451.0,55 L,Free delivery,Below ₹500
125,Worldstar,,"₹1,299",63% off,479.0,,Free delivery,Below ₹500
126,AMERICAN TOURISTER,['52 l Hand Duffel Bag'],"₹2,950",61% off,1129.0,52 l,Free delivery,"Below ₹2,000"
127,AMERICAN TOURISTER,['78 L Strolley Duffel Bag'],"₹4,090",62% off,1529.0,78 L,Free delivery,"Below ₹2,000"
128,ARISTOCRAT,['40 L Strolley Duffel Bag'],"₹2,950",61% off,1139.0,40 L,Free delivery,"Below ₹2,000"
129,XERUS,['60 L Strolley Duffel Bag'],"₹1,499",73% off,395.0,60 L,Free delivery,Below ₹500
130,AMERICAN TOURISTER,,"₹4,500",62% off,1669.0,,Free delivery,"Below ₹2,000"
131,Kamiliant by American Tourister,['66 L Strolley Duffel Bag'],"₹3,750",57% off,1599.0,66 L,Free delivery,"Below ₹2,000"
132,SD Star,['60 L Strolley Duffel Bag'],"₹2,499",84% off,398.0,60 L,Free delivery,Below ₹500
133,Aksh,['25 L Hand Duffel Bag'],"₹1,899",5% off,1799.0,25 L,Free delivery,"Below ₹2,000"
134,XERUS,['60 L Strolley Duffel Bag'],"₹1,499",73% off,395.0,60 L,Free delivery,Below ₹500
135,ARISTOCRAT,['61 L Strolley Duffel Bag'],"₹3,700",63% off,1349.0,61 L,Free delivery,"Below ₹2,000"
136,Wildcraft,['30 L Hand Duffel Bag'],"₹1,449",57% off,619.0,30 L,Free delivery,"Below ₹1,000"
137,AMERICAN TOURISTER,['56 L Strolley Duffel Bag'],"₹3,790",61% off,1469.0,56 L,Free delivery,"Below ₹2,000"
138,Aishwarya,['60 L Hand Duffel Bag'],₹899,12% off,789.0,60 L,Free delivery,"Below ₹1,000"
139,Lavie Sport,['37 L Hand Duffel Bag'],"₹3,999",74% off,1039.0,37 L,Free delivery,"Below ₹2,000"
140,AMERICAN TOURISTER,['52 l Strolley Duffel Bag'],"₹4,000",64% off,1409.0,52 l,Free delivery,"Below ₹2,000"
141,ZEDEN,['65 L Strolley Duffel Bag'],"₹2,999",87% off,377.0,65 L,Free delivery,Below ₹500
142,BAG 4 U,['60 L Strolley Duffel Bag'],"₹2,499",85% off,351.0,60 L,Free delivery,Below ₹500
143,Zion Bag,['60 L Strolley Duffel Bag'],"₹2,499",87% off,322.0,60 L,,Below ₹500
144,BAG 4 U,['40 L Strolley Duffel Bag'],"₹1,299",70% off,379.0,40 L,Free delivery,Below ₹500
145,AMERICAN TOURISTER,['58 L Strolley Duffel Bag'],"₹3,790",55% off,1679.0,58 L,Free delivery,"Below ₹2,000"
146,AMERICAN TOURISTER,['56 L Strolley Duffel Bag'],"₹3,790",62% off,1409.0,56 L,Free delivery,"Below ₹2,000"
147,Kamiliant by American Tourister,['41 L Strolley Duffel Bag'],"₹3,150",65% off,1089.0,41 L,Free delivery,"Below ₹2,000"
148,RKE,['60 L Hand Duffel Bag'],₹899,12% off,789.0,60 L,Free delivery,"Below ₹1,000"
149,MUSCLEBLAZE,['40 L Gym Duffel Bag'],"₹1,649",33% off,1099.0,40 L,Free delivery,"Below ₹2,000"
150,Decent Luggage,['90 L Hand Duffel Bag'],"₹2,999",83% off,499.0,90 L,Free delivery,Below ₹500
151,BAG 4 U,['40 L Strolley Duffel Bag'],"₹2,999",87% off,379.0,40 L,Free delivery,Below ₹500
152,SD Star,['60 L Strolley Duffel Bag'],"₹2,499",84% off,398.0,60 L,Free delivery,Below ₹500
153,Aliva Luggage,['40 L Hand Duffel Bag'],"₹2,299",79% off,479.0,40 L,Free delivery,Below ₹500
154,SRI,['25 L Hand Duffel Bag'],"₹1,999",5% off,1899.0,25 L,Free delivery,"Below ₹2,000"
155,Aliva Luggage,['56 L Strolley Duffel Bag'],"₹1,999",78% off,439.0,56 L,Free delivery,Below ₹500
156,AMERICAN TOURISTER,['62 l Strolley Duffel Bag'],"₹4,500",62% off,1709.0,62 l,Free delivery,"Below ₹2,000"
157,Wildcraft,['40 L Hand Duffel Bag'],"₹2,999",61% off,1159.0,40 L,Free delivery,"Below ₹2,000"
158,Aliva Luggage,['56 L Strolley Duffel Bag'],"₹1,999",78% off,439.0,56 L,Free delivery,Below ₹500
159,Gear,['34 L Hand Duffel Bag'],"₹1,999",50% off,995.0,34 L,Free delivery,"Below ₹1,000"
160,AMERICAN TOURISTER,['78 L Strolley Duffel Bag'],"₹4,090",61% off,1569.0,78 L,Free delivery,"Below ₹2,000"
161,AMERICAN TOURISTER,['52 l Hand Duffel Bag'],"₹2,950",61% off,1129.0,52 l,Free delivery,"Below ₹2,000"
162,Swanky,['40 L Gym Duffel Bag'],"₹1,299",64% off,457.0,40 L,Free delivery,Below ₹500
163,Weelza Travel Luggage,['55 L Strolley Duffel Bag'],"₹1,999",81% off,362.0,55 L,Free delivery,Below ₹500
164,Weelza Travel Luggage,['55 L Strolley Duffel Bag'],"₹1,999",81% off,371.0,55 L,Free delivery,Below ₹500
165,SKYBAGS,['46 L Strolley Duffel Bag'],"₹3,730",61% off,1419.0,46 L,Free delivery,"Below ₹2,000"
166,AMERICAN TOURISTER,['78 L Strolley Duffel Bag'],"₹4,090",62% off,1529.0,78 L,Free delivery,"Below ₹2,000"
167,AMERICAN TOURISTER,,"₹4,500",62% off,1669.0,,Free delivery,"Below ₹2,000"
168,FEDRA,['60 L Strolley Duffel Bag'],"₹2,799",85% off,394.0,60 L,Free delivery,Below ₹500
169,wynex,['40 L Gym Duffel Bag'],"₹1,899",77% off,431.0,40 L,Free delivery,Below ₹500
170,Kamiliant by American Tourister,['66 L Strolley Duffel Bag'],"₹3,750",57% off,1599.0,66 L,Free delivery,"Below ₹2,000"
171,Wildcraft,['30 L Hand Duffel Bag'],"₹1,449",57% off,619.0,30 L,Free delivery,"Below ₹1,000"
172,Aliva Luggage,['40 L Hand Duffel Bag'],"₹2,299",79% off,479.0,40 L,Free delivery,Below ₹500
173,Inte Enterprises,['60 L Strolley Duffel Bag'],"₹1,799",79% off,360.0,60 L,,Below ₹500
174,Zainto,['37 L Hand Duffel Bag'],"₹3,999",80% off,764.0,37 L,Free delivery,"Below ₹1,000"
175,WROGN,['65 L Strolley Duffel Bag'],"₹2,999",81% off,561.0,65 L,Free delivery,"Below ₹1,000"
176,AMERICAN TOURISTER,['56 L Strolley Duffel Bag'],"₹3,790",61% off,1469.0,56 L,Free delivery,"Below ₹2,000"
177,ZEDEN,['65 L Strolley Duffel Bag'],"₹2,999",87% off,377.0,65 L,Free delivery,Below ₹500
178,WROGN,['65 L Strolley Duffel Bag'],"₹2,999",81% off,561.0,65 L,Free delivery,"Below ₹1,000"
179,SKYBAGS,['46 L Strolley Duffel Bag'],"₹3,999",64% off,1429.0,46 L,Free delivery,"Below ₹2,000"
180,AMERICAN TOURISTER,['52 l Strolley Duffel Bag'],"₹4,000",64% off,1409.0,52 l,Free delivery,"Below ₹2,000"
181,bayo,['65 L Hand Duffel Bag'],"₹3,999",75% off,999.0,65 L,Free delivery,"Below ₹1,000"
182,MUSCLEBLAZE,['40 L Gym Duffel Bag'],"₹1,599",31% off,1099.0,40 L,Free delivery,"Below ₹2,000"
183,Aliva Aliya Luggage,['40 L Hand Duffel Bag'],"₹1,599",82% off,287.0,40 L,Free delivery,Below ₹500
184,Sakshi Enterprises,['60 L Strolley Duffel Bag'],"₹2,499",85% off,367.0,60 L,Free delivery,Below ₹500
185,MS DECENT LUGGAGE,['80 L Hand Duffel Bag'],"₹4,999",89% off,539.0,80 L,Free delivery,"Below ₹1,000"
186,Decent Luggage,['90 L Hand Duffel Bag'],"₹2,999",83% off,499.0,90 L,Free delivery,Below ₹500
187,AMERICAN TOURISTER,['56 L Strolley Duffel Bag'],"₹3,790",62% off,1409.0,56 L,Free delivery,"Below ₹2,000"
188,WOONS TRAVEL LUGGAGE,['65 L Hand Duffel Bag'],"₹1,957",79% off,399.0,65 L,Free delivery,Below ₹500
189,SHIFT,['40 L Hand Duffel Bag'],"₹2,500",85% off,359.0,40 L,Free delivery,Below ₹500
190,BAG 4 U,['40 L Strolley Duffel Bag'],"₹2,999",87% off,379.0,40 L,Free delivery,Below ₹500
191,Kamiliant by American Tourister,['41 L Strolley Duffel Bag'],"₹3,150",65% off,1089.0,41 L,Free delivery,"Below ₹2,000"
192,Astro,['80 L Strolley Duffel Bag'],"₹3,599",89% off,390.0,80 L,Free delivery,Below ₹500
193,Aliva Aliya Luggage,['40 L Hand Duffel Bag'],"₹1,599",81% off,296.0,40 L,Free delivery,Below ₹500
194,Dejan,['75 L Strolley Duffel Bag'],"₹3,999",73% off,1067.0,75 L,Free delivery,"Below ₹2,000"
195,Astro,['80 L Strolley Duffel Bag'],"₹4,599",91% off,399.0,80 L,Free delivery,Below ₹500
196,AMERICAN TOURISTER,['62 l Strolley Duffel Bag'],"₹4,500",62% off,1709.0,62 l,Free delivery,"Below ₹2,000"
197,Wildcraft,['40 L Hand Duffel Bag'],"₹2,999",61% off,1159.0,40 L,Free delivery,"Below ₹2,000"
198,SD Star,['60 L Strolley Duffel Bag'],"₹2,499",84% off,398.0,60 L,Free delivery,Below ₹500
199,Wincey,"['60 L Strolley Duffel Bag', '60 L Strolley Duffel Bag']","₹3,999",77% off,899.0,60 L,Free delivery,"Below ₹1,000"
200,AMERICAN TOURISTER,['78 L Strolley Duffel Bag'],"₹4,090",61% off,1569.0,78 L,Free delivery,"Below ₹2,000"
201,AMERICAN TOURISTER,['52 l Hand Duffel Bag'],"₹2,950",61% off,1129.0,52 l,Free delivery,"Below ₹2,000"
202,SD Star,['60 L Strolley Duffel Bag'],"₹2,499",83% off,418.0,60 L,Free delivery,Below ₹500
203,Wildcraft,['25 L Gym Duffel Bag'],"₹1,349",58% off,559.0,25 L,Free delivery,"Below ₹1,000"
204,Alson Duffle Luggage,['80 L Hand Duffel Bag'],"₹2,999",83% off,499.0,80 L,Free delivery,Below ₹500
205,SD Star,['60 L Strolley Duffel Bag'],"₹2,499",84% off,377.0,60 L,Free delivery,Below ₹500
206,AMERICAN TOURISTER,['78 L Strolley Duffel Bag'],"₹4,090",62% off,1529.0,78 L,Free delivery,"Below ₹2,000"
207,AMERICAN TOURISTER,,"₹4,500",62% off,1669.0,,Free delivery,"Below ₹2,000"
208,SAKSHI FASHION,['60 L Hand Duffel Bag'],"₹1,999",82% off,357.0,60 L,Free delivery,Below ₹500
209,MUSCLEBLAZE,['30 L Gym Duffel Bag'],₹799,43% off,449.0,30 L,Free delivery,Below ₹500
210,Kamiliant by American Tourister,['66 L Strolley Duffel Bag'],"₹3,750",57% off,1599.0,66 L,Free delivery,"Below ₹2,000"
211,Wildcraft,['30 L Hand Duffel Bag'],"₹1,449",57% off,619.0,30 L,Free delivery,"Below ₹1,000"
212,PROVOGUE,['50 L Strolley Duffel Bag'],"₹2,999",83% off,499.0,50 L,Free delivery,Below ₹500
213,Weelza Travel Luggage,['55 L Strolley Duffel Bag'],"₹1,999",82% off,356.0,55 L,Free delivery,Below ₹500
214,Madonna Luggage,['60 L Strolley Duffel Bag'],"₹2,499",84% off,399.0,60 L,Free delivery,Below ₹500
215,Rainox,['23 L Gym Duffel Bag'],₹999,71% off,285.0,23 L,Free delivery,Below ₹500
216,AMERICAN TOURISTER,['56 L Strolley Duffel Bag'],"₹3,790",61% off,1469.0,56 L,Free delivery,"Below ₹2,000"
217,AMERICAN TOURISTER,['52 l Strolley Duffel Bag'],"₹4,000",64% off,1409.0,52 l,Free delivery,"Below ₹2,000"
218,Rainox,['23 L Gym Duffel Bag'],₹999,71% off,285.0,23 L,Free delivery,Below ₹500
219,Weelza Travel Luggage,['55 L Strolley Duffel Bag'],"₹1,999",81% off,371.0,55 L,Free delivery,Below ₹500
220,AMERICAN TOURISTER,['56 L Strolley Duffel Bag'],"₹3,790",62% off,1409.0,56 L,Free delivery,"Below ₹2,000"
221,ZEDEN,['65 L Strolley Duffel Bag'],"₹2,999",87% off,377.0,65 L,Free delivery,Below ₹500
222,Lavie Sport,['65 L Strolley Duffel Bag'],"₹5,590",81% off,1049.0,65 L,Free delivery,"Below ₹2,000"
223,WOONS TRAVEL LUGGAGE,['65 L Hand Duffel Bag'],"₹1,957",79% off,399.0,65 L,Free delivery,Below ₹500
224,Weelza Travel Luggage,['55 L Strolley Duffel Bag'],"₹1,999",81% off,365.0,55 L,Free delivery,Below ₹500
225,Weelza Travel Luggage,['55 L Strolley Duffel Bag'],"₹1,999",81% off,362.0,55 L,Free delivery,Below ₹500
226,Kamiliant by American Tourister,['41 L Strolley Duffel Bag'],"₹3,150",65% off,1089.0,41 L,Free delivery,"Below ₹2,000"
227,BAG 4 U,['40 L Strolley Duffel Bag'],"₹2,999",87% off,379.0,40 L,Free delivery,Below ₹500
228,Weelza Travel Luggage,['55 L Strolley Duffel Bag'],"₹1,999",81% off,364.0,55 L,Free delivery,Below ₹500
229,BRIVER,['10 L Gym Duffel Bag'],₹599,67% off,195.0,10 L,Free delivery,Below ₹500
230,AMERICAN TOURISTER,['62 l Strolley Duffel Bag'],"₹4,500",62% off,1709.0,62 l,Free delivery,"Below ₹2,000"
231,Wildcraft,['40 L Hand Duffel Bag'],"₹2,999",61% off,1159.0,40 L,Free delivery,"Below ₹2,000"
232,SAFARI,['75 L Strolley Duffel Bag'],"₹4,660",56% off,2048.0,75 L,Free delivery,"Below ₹5,000"
233,MUSCLEBLAZE,['30 L Gym Duffel Bag'],₹799,43% off,449.0,30 L,Free delivery,Below ₹500
234,WROGN,['65 L Strolley Duffel Bag'],"₹2,999",81% off,561.0,65 L,Free delivery,"Below ₹1,000"
235,AMERICAN TOURISTER,['52 l Hand Duffel Bag'],"₹2,950",62% off,1119.0,52 l,Free delivery,"Below ₹2,000"
236,Nice Line,['60 L Strolley Duffel Bag'],"₹2,499",82% off,427.0,60 L,Free delivery,Below ₹500
237,Wildcraft,['40 L Hand Duffel Bag'],"₹2,949",61% off,1129.0,40 L,Free delivery,"Below ₹2,000"
238,Ontop trends,['60 L Hand Duffel Bag'],"₹1,499",67% off,483.0,60 L,Free delivery,Below ₹500
239,SD Star,['60 L Strolley Duffel Bag'],"₹2,499",84% off,398.0,60 L,Free delivery,Below ₹500
240,AMERICAN TOURISTER,['78 L Strolley Duffel Bag'],"₹4,090",61% off,1569.0,78 L,Free delivery,"Below ₹2,000"
241,SAFARI,['56 L Strolley Duffel Bag'],"₹3,870",71% off,1109.0,56 L,Free delivery,"Below ₹2,000"
242,SD Star,['60 L Strolley Duffel Bag'],"₹2,499",84% off,398.0,60 L,Free delivery,Below ₹500
243,PROVOGUE,['50 L Strolley Duffel Bag'],"₹2,999",84% off,476.0,50 L,Free delivery,Below ₹500
244,YES STYLE,['40 L Strolley Duffel Bag'],"₹2,000",77% off,449.0,40 L,Free delivery,Below ₹500
245,Weelza Duffle Luggage,['55 L Strolley Duffel Bag'],"₹1,899",79% off,393.0,55 L,Free delivery,Below ₹500
246,AMERICAN TOURISTER,['52 l Hand Duffel Bag'],"₹2,950",61% off,1129.0,52 l,Free delivery,"Below ₹2,000"
247,AMERICAN TOURISTER,['78 L Strolley Duffel Bag'],"₹4,090",62% off,1529.0,78 L,Free delivery,"Below ₹2,000"
248,Gear,['22 L Hand Duffel Bag'],"₹1,299",54% off,589.0,22 L,Free delivery,"Below ₹1,000"
249,PROVOGUE,['50 L Strolley Duffel Bag'],"₹2,999",83% off,505.0,50 L,Free delivery,"Below ₹1,000"
250,AMERICAN TOURISTER,,"₹4,500",62% off,1669.0,,Free delivery,"Below ₹2,000"
251,Kamiliant by American Tourister,['66 L Strolley Duffel Bag'],"₹3,750",57% off,1599.0,66 L,Free delivery,"Below ₹2,000"
252,SD Star,['60 L Strolley Duffel Bag'],"₹2,499",84% off,395.0,60 L,Free delivery,Below ₹500
253,ZEDEN,['55 L Strolley Duffel Bag'],"₹1,799",77% off,399.0,55 L,Free delivery,Below ₹500
254,Blue Star Luggage,['55 L Strolley Duffel Bag'],"₹1,999",75% off,499.0,55 L,Free delivery,Below ₹500
255,Polofashion,['56 L Strolley Duffel Bag'],"₹2,499",81% off,455.0,56 L,Free delivery,Below ₹500
256,Wildcraft,['30 L Hand Duffel Bag'],"₹1,449",57% off,619.0,30 L,Free delivery,"Below ₹1,000"
257,AMERICAN TOURISTER,['56 L Strolley Duffel Bag'],"₹3,790",61% off,1469.0,56 L,Free delivery,"Below ₹2,000"
258,Joyous,['40 L Strolley Duffel Bag'],"₹1,899",77% off,424.0,40 L,Free delivery,Below ₹500
259,Weelza Duffle Luggage,['55 L Strolley Duffel Bag'],"₹1,899",79% off,394.0,55 L,Free delivery,Below ₹500
260,ZEDEN,['65 L Strolley Duffel Bag'],"₹2,999",87% off,377.0,65 L,Free delivery,Below ₹500
261,AMERICAN TOURISTER,['52 l Strolley Duffel Bag'],"₹4,000",64% off,1409.0,52 l,Free delivery,"Below ₹2,000"
262,SD Star,['60 L Strolley Duffel Bag'],"₹2,499",84% off,398.0,60 L,Free delivery,Below ₹500
263,Weelza Duffle Luggage,['55 L Strolley Duffel Bag'],"₹1,899",79% off,394.0,55 L,Free delivery,Below ₹500
264,Hasan,['00 L Gym Duffel Bag'],₹499,63% off,180.0,00 L,,Below ₹500
265,Polofashion,['56 L Strolley Duffel Bag'],"₹2,498",82% off,446.0,56 L,Free delivery,Below ₹500
266,AMERICAN TOURISTER,['56 L Strolley Duffel Bag'],"₹3,790",62% off,1409.0,56 L,Free delivery,"Below ₹2,000"
267,bayo,['65 L Hand Duffel Bag'],"₹3,999",75% off,999.0,65 L,Free delivery,"Below ₹1,000"
268,Sky Script,['55 L Strolley Duffel Bag'],"₹3,999",76% off,944.0,55 L,Free delivery,"Below ₹1,000"
269,BAG 4 U,['60 L Strolley Duffel Bag'],"₹2,999",88% off,344.0,60 L,Free delivery,Below ₹500
270,Decent Luggage,['90 L Hand Duffel Bag'],"₹2,999",83% off,499.0,90 L,Free delivery,Below ₹500
271,BAG 4 U,['40 L Strolley Duffel Bag'],"₹2,999",87% off,379.0,40 L,Free delivery,Below ₹500
272,Polofashion,['56 L Strolley Duffel Bag'],"₹2,498",82% off,429.0,56 L,Free delivery,Below ₹500
273,ARISTOCRAT,['55 L Strolley Duffel Bag'],"₹5,670",64% off,1987.0,55 L,Free delivery,"Below ₹2,000"
274,SUNTOP,['23 L Hand Duffel Bag'],₹999,67% off,325.0,23 L,Free delivery,Below ₹500
275,Alson Duffle Luggage,['80 L Hand Duffel Bag'],"₹2,999",83% off,499.0,80 L,Free delivery,Below ₹500
276,Kamiliant by American Tourister,['41 L Strolley Duffel Bag'],"₹3,150",65% off,1089.0,41 L,Free delivery,"Below ₹2,000"
277,AMERICAN TOURISTER,['62 l Strolley Duffel Bag'],"₹4,500",62% off,1709.0,62 l,Free delivery,"Below ₹2,000"
278,ARISTOCRAT,['25 L Strolley Duffel Bag'],"₹2,800",70% off,819.0,25 L,Free delivery,"Below ₹1,000"
279,KINDRED,['25 L Gym Duffel Bag'],₹999,57% off,425.0,25 L,Free delivery,Below ₹500
280,AMERICAN TOURISTER,['78 L Strolley Duffel Bag'],"₹4,090",61% off,1569.0,78 L,Free delivery,"Below ₹2,000"
281,SAFARI,['56 L Strolley Duffel Bag'],"₹3,870",71% off,1109.0,56 L,Free delivery,"Below ₹2,000"
282,KINDRED,['25 L Gym Duffel Bag'],₹999,56% off,439.0,25 L,Free delivery,Below ₹500
283,Inte Enterprises,['60 L Strolley Duffel Bag'],"₹1,799",79% off,360.0,60 L,,Below ₹500
284,Ontop trends,['60 L Hand Duffel Bag'],"₹1,499",60% off,598.0,60 L,Free delivery,"Below ₹1,000"
285,Zion Bag,['60 L Strolley Duffel Bag'],"₹2,499",83% off,404.0,60 L,,Below ₹500
286,AMERICAN TOURISTER,['52 l Hand Duffel Bag'],"₹2,950",61% off,1129.0,52 l,Free delivery,"Below ₹2,000"
287,AMERICAN TOURISTER,['78 L Strolley Duffel Bag'],"₹4,090",62% off,1529.0,78 L,Free delivery,"Below ₹2,000"
288,Bayo Luggage,['50 L Hand Duffel Bag'],"₹8,999",78% off,1899.0,50 L,Free delivery,"Below ₹2,000"
289,Lavie Sport,['50 L Strolley Duffel Bag'],"₹2,795",72% off,759.0,50 L,Free delivery,"Below ₹1,000"
290,AMERICAN TOURISTER,,"₹4,500",62% off,1669.0,,Free delivery,"Below ₹2,000"
291,Kamiliant by American Tourister,['66 L Strolley Duffel Bag'],"₹3,750",57% off,1599.0,66 L,Free delivery,"Below ₹2,000"
292,Poltsa,,"₹1,899",57% off,799.0,,Free delivery,"Below ₹1,000"
293,SKYBAGS,['46 L Strolley Duffel Bag'],"₹3,999",64% off,1429.0,46 L,Free delivery,"Below ₹2,000"
294,ZERUS,['60 L Strolley Duffel Bag'],"₹1,599",75% off,386.0,60 L,Free delivery,Below ₹500
295,ZEDEN,['55 L Strolley Duffel Bag'],"₹1,799",77% off,399.0,55 L,Free delivery,Below ₹500
296,Wildcraft,['30 L Hand Duffel Bag'],"₹1,449",57% off,619.0,30 L,Free delivery,"Below ₹1,000"
297,AMERICAN TOURISTER,['56 L Strolley Duffel Bag'],"₹3,790",61% off,1469.0,56 L,Free delivery,"Below ₹2,000"
298,ZERUS,['60 L Strolley Duffel Bag'],"₹1,599",74% off,404.0,60 L,Free delivery,Below ₹500
299,ZERUS,['60 L Strolley Duffel Bag'],"₹1,599",75% off,389.0,60 L,Free delivery,Below ₹500
300,ZEDEN,['65 L Strolley Duffel Bag'],"₹2,999",87% off,377.0,65 L,Free delivery,Below ₹500
301,AMERICAN TOURISTER,['52 l Strolley Duffel Bag'],"₹4,000",64% off,1409.0,52 l,Free delivery,"Below ₹2,000"
302,Lavie Sport,['60 L Strolley Duffel Bag'],"₹3,895",73% off,1029.0,60 L,Free delivery,"Below ₹2,000"
303,perfactstar,['70 L Strolley Duffel Bag'],"₹1,999",72% off,546.0,70 L,Free delivery,"Below ₹1,000"
304,WROGN,['70 L Strolley Duffel Bag'],"₹3,999",86% off,549.0,70 L,Free delivery,"Below ₹1,000"
305,Lavie Sport,['50 L Strolley Duffel Bag'],"₹3,495",71% off,979.0,50 L,Free delivery,"Below ₹1,000"
306,AMERICAN TOURISTER,['56 L Strolley Duffel Bag'],"₹3,790",62% off,1409.0,56 L,Free delivery,"Below ₹2,000"
307,bayo,['65 L Hand Duffel Bag'],"₹3,999",75% off,999.0,65 L,Free delivery,"Below ₹1,000"
308,Flyinza Travel,['65 L Hand Duffel Bag'],"₹2,199",79% off,456.0,65 L,Free delivery,Below ₹500
309,Flyinza Travel,['65 L Hand Duffel Bag'],"₹2,199",78% off,466.0,65 L,Free delivery,Below ₹500
310,Kamiliant by American Tourister,['41 L Strolley Duffel Bag'],"₹3,150",65% off,1089.0,41 L,Free delivery,"Below ₹2,000"
311,Decent Luggage,['90 L Hand Duffel Bag'],"₹2,999",83% off,499.0,90 L,Free delivery,Below ₹500
312,Flyinza Travel,['65 L Hand Duffel Bag'],"₹2,199",78% off,466.0,65 L,Free delivery,Below ₹500
313,Flyinza Travel,['65 L Hand Duffel Bag'],"₹2,199",78% off,466.0,65 L,Free delivery,Below ₹500
314,Wildcraft,['35 L Hand Duffel Bag'],"₹2,549",56% off,1119.0,35 L,Free delivery,"Below ₹2,000"
315,WROGN,['25 L Gym Duffel Bag'],"₹1,299",65% off,449.0,25 L,Free delivery,Below ₹500
316,BAG 4 U,['40 L Strolley Duffel Bag'],"₹2,999",87% off,379.0,40 L,Free delivery,Below ₹500
317,AMERICAN TOURISTER,['62 l Strolley Duffel Bag'],"₹4,500",62% off,1709.0,62 l,Free delivery,"Below ₹2,000"
318,Dejan,['75 L Strolley Duffel Bag'],"₹3,999",73% off,1067.0,75 L,Free delivery,"Below ₹2,000"
319,M MEDLER,['30 L Strolley Duffel Bag'],"₹2,999",87% off,389.0,30 L,Free delivery,Below ₹500
320,AMERICAN TOURISTER,['78 L Strolley Duffel Bag'],"₹4,090",61% off,1569.0,78 L,Free delivery,"Below ₹2,000"
321,AMERICAN TOURISTER,['52 l Hand Duffel Bag'],"₹2,950",61% off,1129.0,52 l,Free delivery,"Below ₹2,000"
322,Astro,['80 L Strolley Duffel Bag'],"₹2,471",84% off,390.0,80 L,Free delivery,Below ₹500
323,Axen,['60 L Strolley Duffel Bag'],"₹2,999",73% off,799.0,60 L,Free delivery,"Below ₹1,000"
324,ZEAL,['34 L Hand Duffel Bag'],"₹1,999",44% off,1100.0,34 L,Free delivery,"Below ₹2,000"
325,Blue Star Luggage,['55 L Strolley Duffel Bag'],"₹1,999",75% off,499.0,55 L,Free delivery,Below ₹500
326,AMERICAN TOURISTER,['78 L Strolley Duffel Bag'],"₹4,090",62% off,1529.0,78 L,Free delivery,"Below ₹2,000"
327,Wildcraft,['30 L Hand Duffel Bag'],"₹1,449",57% off,619.0,30 L,Free delivery,"Below ₹1,000"
328,ZEDEN,['55 L Strolley Duffel Bag'],"₹1,799",77% off,399.0,55 L,Free delivery,Below ₹500
329,AMERICAN TOURISTER,['69 L Strolley Duffel Bag'],"₹4,700",36% off,2988.0,69 L,Free delivery,"Below ₹5,000"
330,Kamiliant by American Tourister,['66 L Strolley Duffel Bag'],"₹3,750",57% off,1599.0,66 L,Free delivery,"Below ₹2,000"
331,AMERICAN TOURISTER,['56 L Strolley Duffel Bag'],"₹3,790",61% off,1469.0,56 L,Free delivery,"Below ₹2,000"
332,WROGN,['25 L Gym Duffel Bag'],"₹1,299",65% off,449.0,25 L,Free delivery,Below ₹500
333,Wincey,['20 L Hand Duffel Bag'],"₹2,050",80% off,399.0,20 L,Free delivery,Below ₹500
334,Inte Enterprises,['60 L Strolley Duffel Bag'],"₹1,459",69% off,449.0,60 L,Free delivery,Below ₹500
335,Trovety Travel Luggage,['55 L Strolley Duffel Bag'],"₹2,125",77% off,473.0,55 L,Free delivery,Below ₹500
336,AMERICAN TOURISTER,['52 l Strolley Duffel Bag'],"₹4,000",64% off,1409.0,52 l,Free delivery,"Below ₹2,000"
337,AMERICAN TOURISTER,['56 L Strolley Duffel Bag'],"₹3,790",62% off,1409.0,56 L,Free delivery,"Below ₹2,000"
338,SD Star,['50 L Strolley Duffel Bag'],₹999,55% off,442.0,50 L,Free delivery,Below ₹500
339,BRAND CHOICE,['80 L Strolley Duffel Bag'],"₹5,999",78% off,1282.0,80 L,Free delivery,"Below ₹2,000"
340,Wildcraft,['40 L Hand Duffel Bag'],"₹2,999",61% off,1159.0,40 L,Free delivery,"Below ₹2,000"
341,bayo,['65 L Hand Duffel Bag'],"₹3,999",75% off,999.0,65 L,Free delivery,"Below ₹1,000"
342,METRONAUT,['70 L Strolley Duffel Bag'],"₹3,999",83% off,649.0,70 L,Free delivery,"Below ₹1,000"
343,perfactstar,['70 L Strolley Duffel Bag'],"₹1,999",72% off,546.0,70 L,Free delivery,"Below ₹1,000"
344,familiar,['60 L Strolley Duffel Bag'],"₹4,999",82% off,899.0,60 L,Free delivery,"Below ₹1,000"
345,SD Star,['60 L Strolley Duffel Bag'],"₹2,499",84% off,398.0,60 L,Free delivery,Below ₹500
346,Wildcraft,['35 L Hand Duffel Bag'],"₹2,549",56% off,1119.0,35 L,Free delivery,"Below ₹2,000"
347,ZEDEN,['65 L Strolley Duffel Bag'],"₹2,999",87% off,377.0,65 L,Free delivery,Below ₹500
348,Lavie Sport,['50 L Strolley Duffel Bag'],"₹2,795",72% off,759.0,50 L,Free delivery,"Below ₹1,000"
349,Aliya Aliva Luggage,['60 L Strolley Duffel Bag'],"₹3,999",75% off,999.0,60 L,Free delivery,"Below ₹1,000"
350,BAG 4 U,['40 L Strolley Duffel Bag'],"₹2,999",87% off,379.0,40 L,Free delivery,Below ₹500
351,STORITE,,"₹1,499",46% off,799.0,,Free delivery,"Below ₹1,000"
352,Blue Star Luggage,['42 L Gym Duffel Bag'],"₹1,499",78% off,319.0,42 L,Free delivery,Below ₹500
353,Aliya Aliva Luggage,['60 L Strolley Duffel Bag'],"₹3,999",72% off,1099.0,60 L,Free delivery,"Below ₹2,000"
354,FLYIT,['28 L Hand Duffel Bag'],₹999,36% off,637.0,28 L,Free delivery,"Below ₹1,000"
355,Lavie Sport,['50 L Hand Duffel Bag'],"₹2,999",72% off,839.0,50 L,Free delivery,"Below ₹1,000"
356,Wildcraft,['40 L Hand Duffel Bag'],"₹2,949",61% off,1129.0,40 L,Free delivery,"Below ₹2,000"
357,Nice Line,['60 L Strolley Duffel Bag'],"₹2,499",82% off,427.0,60 L,Free delivery,Below ₹500
358,Decent Luggage,['50 L Gym Duffel Bag'],"₹1,999",80% off,399.0,50 L,Free delivery,Below ₹500
359,Matsun,['45 L Strolley Duffel Bag'],"₹2,298",80% off,444.0,45 L,Free delivery,Below ₹500
360,AMERICAN TOURISTER,['78 L Strolley Duffel Bag'],"₹4,090",61% off,1569.0,78 L,Free delivery,"Below ₹2,000"
361,AMERICAN TOURISTER,['52 l Hand Duffel Bag'],"₹2,950",61% off,1129.0,52 l,Free delivery,"Below ₹2,000"
362,TORRENTO,['40 L Strolley Duffel Bag'],"₹2,499",80% off,488.0,40 L,Free delivery,Below ₹500
363,PAZZO,['42 L Hand Duffel Bag'],"₹1,549",54% off,699.0,42 L,Free delivery,"Below ₹1,000"
364,ARISTOCRAT,['39 L Hand Duffel Bag'],"₹3,570",77% off,789.0,39 L,Free delivery,"Below ₹1,000"
365,Ontop trends,['60 L Hand Duffel Bag'],"₹1,499",60% off,598.0,60 L,Free delivery,"Below ₹1,000"
366,AMERICAN TOURISTER,['78 L Strolley Duffel Bag'],"₹4,090",62% off,1529.0,78 L,Free delivery,"Below ₹2,000"
367,AMERICAN TOURISTER,,"₹4,500",62% off,1669.0,,Free delivery,"Below ₹2,000"
368,Aliya Aliva Luggage,['60 L Strolley Duffel Bag'],"₹3,999",72% off,1099.0,60 L,Free delivery,"Below ₹2,000"
369,Polofashion,['56 L Strolley Duffel Bag'],"₹2,499",82% off,439.0,56 L,Free delivery,Below ₹500
370,Kamiliant by American Tourister,['66 L Strolley Duffel Bag'],"₹3,750",57% off,1599.0,66 L,Free delivery,"Below ₹2,000"
371,Wildcraft,['30 L Hand Duffel Bag'],"₹1,449",57% off,619.0,30 L,Free delivery,"Below ₹1,000"
372,Polofashion,['55 L Strolley Duffel Bag'],"₹1,999",78% off,437.0,55 L,Free delivery,Below ₹500
373,ZEDEN,['65 L Strolley Duffel Bag'],"₹2,999",87% off,377.0,65 L,Free delivery,Below ₹500
374,MONVELLI,['25 L Gym Duffel Bag'],₹999,65% off,348.0,25 L,Free delivery,Below ₹500
375,Ontop trends,['60 L Hand Duffel Bag'],"₹1,499",67% off,483.0,60 L,Free delivery,Below ₹500
376,AMERICAN TOURISTER,['56 L Strolley Duffel Bag'],"₹3,790",61% off,1469.0,56 L,Free delivery,"Below ₹2,000"
377,AMERICAN TOURISTER,['52 l Strolley Duffel Bag'],"₹4,000",64% off,1409.0,52 l,Free delivery,"Below ₹2,000"
378,Frontsy,['86 L Strolley Duffel Bag'],"₹5,499",78% off,1199.0,86 L,Free delivery,"Below ₹2,000"
379,PUMA,['32 L Hand Duffel Bag'],"₹1,299",31% off,889.0,32 L,Free delivery,"Below ₹1,000"
380,AMERICAN TOURISTER,['56 L Strolley Duffel Bag'],"₹3,790",62% off,1409.0,56 L,Free delivery,"Below ₹2,000"
381,bayo,['65 L Hand Duffel Bag'],"₹3,999",75% off,999.0,65 L,Free delivery,"Below ₹1,000"
382,PAZZO,['42 L Hand Duffel Bag'],"₹1,549",54% off,699.0,42 L,Free delivery,"Below ₹1,000"
383,BBR,['12 L Gym Duffel Bag'],"₹1,500",60% off,599.0,12 L,Free delivery,"Below ₹1,000"
384,Decent Luggage,['50 L Gym Duffel Bag'],"₹1,999",80% off,399.0,50 L,Free delivery,Below ₹500
385,sky spirit,['40 L Strolley Duffel Bag'],"₹2,450",81% off,449.0,40 L,Free delivery,Below ₹500
386,Decent Luggage,['90 L Hand Duffel Bag'],"₹2,999",83% off,499.0,90 L,Free delivery,Below ₹500
387,BAG 4 U,['40 L Strolley Duffel Bag'],"₹2,999",87% off,379.0,40 L,Free delivery,Below ₹500
388,Polofashion,['56 L Strolley Duffel Bag'],"₹2,498",82% off,429.0,56 L,Free delivery,Below ₹500
389,WROGN,['70 L Strolley Duffel Bag'],"₹3,999",86% off,549.0,70 L,Free delivery,"Below ₹1,000"
390,Kamiliant by American Tourister,['41 L Strolley Duffel Bag'],"₹3,150",65% off,1089.0,41 L,Free delivery,"Below ₹2,000"
391,AMERICAN TOURISTER,['62 l Strolley Duffel Bag'],"₹4,500",62% off,1709.0,62 l,Free delivery,"Below ₹2,000"
392,SD Star,['60 L Strolley Duffel Bag'],"₹2,499",84% off,398.0,60 L,Free delivery,Below ₹500
393,Flyinza Travel,['65 L Hand Duffel Bag'],"₹2,199",79% off,456.0,65 L,Free delivery,Below ₹500
394,ROLEXO,,"₹1,799",72% off,489.0,,Free delivery,Below ₹500
395,XERUS,['45 L Strolley Duffel Bag'],"₹2,499",52% off,1179.0,45 L,Free delivery,"Below ₹2,000"
396,Wildcraft,['40 L Hand Duffel Bag'],"₹2,999",61% off,1159.0,40 L,Free delivery,"Below ₹2,000"
397,AMERICAN TOURISTER,['52 l Hand Duffel Bag'],"₹2,950",62% off,1119.0,52 l,Free delivery,"Below ₹2,000"
398,WROGN,['65 L Strolley Duffel Bag'],"₹2,999",81% off,561.0,65 L,Free delivery,"Below ₹1,000"
399,Alson Duffle Luggage,['80 L Hand Duffel Bag'],"₹2,999",83% off,499.0,80 L,Free delivery,Below ₹500
400,AMERICAN TOURISTER,['78 L Strolley Duffel Bag'],"₹4,090",61% off,1569.0,78 L,Free delivery,"Below ₹2,000"
401,AMERICAN TOURISTER,['52 l Hand Duffel Bag'],"₹2,950",61% off,1129.0,52 l,Free delivery,"Below ₹2,000"
402,Weelza Duffle Luggage,['55 L Strolley Duffel Bag'],"₹1,899",79% off,394.0,55 L,Free delivery,Below ₹500
403,MS DECENT LUGGAGE,['80 L Hand Duffel Bag'],"₹4,499",88% off,539.0,80 L,Free delivery,"Below ₹1,000"
404,FLYIT,['50 L Hand Duffel Bag'],"₹1,999",67% off,648.0,50 L,Free delivery,"Below ₹1,000"
405,Weelza Duffle Luggage,['60 L Hand Duffel Bag'],"₹2,499",84% off,396.0,60 L,Free delivery,Below ₹500
406,AMERICAN TOURISTER,['78 L Strolley Duffel Bag'],"₹4,090",62% off,1529.0,78 L,Free delivery,"Below ₹2,000"
407,AMERICAN TOURISTER,,"₹4,500",62% off,1669.0,,Free delivery,"Below ₹2,000"
408,XERUS,['45 L Strolley Duffel Bag'],"₹2,499",58% off,1041.0,45 L,Free delivery,"Below ₹2,000"
409,Raizex,['23 L Gym Duffel Bag'],₹999,71% off,285.0,23 L,Free delivery,Below ₹500
410,Kamiliant by American Tourister,['66 L Strolley Duffel Bag'],"₹3,750",57% off,1599.0,66 L,Free delivery,"Below ₹2,000"
411,Wildcraft,['30 L Hand Duffel Bag'],"₹1,449",57% off,619.0,30 L,Free delivery,"Below ₹1,000"
412,VISMIINTREND,['35 L Hand Duffel Bag'],"₹2,999",49% off,1519.0,35 L,Free delivery,"Below ₹2,000"
413,SAKSHI FASHION,['60 L Strolley Duffel Bag'],"₹2,499",82% off,439.0,60 L,Free delivery,Below ₹500
414,Blue Star Luggage,['42 L Gym Duffel Bag'],"₹1,499",78% off,319.0,42 L,Free delivery,Below ₹500
415,MS DECENT LUGGAGE,['80 L Hand Duffel Bag'],"₹4,499",88% off,533.0,80 L,Free delivery,"Below ₹1,000"
416,AMERICAN TOURISTER,['56 L Strolley Duffel Bag'],"₹3,790",61% off,1469.0,56 L,Free delivery,"Below ₹2,000"
417,AMERICAN TOURISTER,['52 l Strolley Duffel Bag'],"₹4,000",64% off,1409.0,52 l,Free delivery,"Below ₹2,000"
418,Bright Luggage,['42 L Hand Duffel Bag'],₹999,65% off,349.0,42 L,Free delivery,Below ₹500
419,Dejan,['25 L Hand Duffel Bag'],"₹1,699",63% off,613.0,25 L,Free delivery,"Below ₹1,000"
420,AMERICAN TOURISTER,['56 L Strolley Duffel Bag'],"₹3,790",62% off,1409.0,56 L,Free delivery,"Below ₹2,000"
421,ZEDEN,['65 L Strolley Duffel Bag'],"₹2,999",87% off,377.0,65 L,Free delivery,Below ₹500
422,DILOX,['60 L Strolley Duffel Bag'],"₹1,499",77% off,342.0,60 L,,Below ₹500
423,Armar,['25 L Hand Duffel Bag'],₹999,75% off,249.0,25 L,Free delivery,Below ₹500
424,SD Star,['60 L Strolley Duffel Bag'],"₹1,499",73% off,399.0,60 L,Free delivery,Below ₹500
425,Flyinza Luggage,['65 L Strolley Duffel Bag'],"₹3,499",75% off,843.0,65 L,Free delivery,"Below ₹1,000"
426,bayo,['65 L Hand Duffel Bag'],"₹3,999",75% off,999.0,65 L,Free delivery,"Below ₹1,000"
427,Kamiliant by American Tourister,['41 L Strolley Duffel Bag'],"₹3,150",65% off,1089.0,41 L,Free delivery,"Below ₹2,000"
428,Axen,['60 L Strolley Duffel Bag'],"₹2,999",73% off,799.0,60 L,Free delivery,"Below ₹1,000"
429,Aliya Luggage,['58 L Strolley Duffel Bag'],"₹1,999",75% off,499.0,58 L,Free delivery,Below ₹500
430,BAG 4 U,['40 L Strolley Duffel Bag'],"₹2,999",87% off,379.0,40 L,Free delivery,Below ₹500
431,AMERICAN TOURISTER,['62 l Strolley Duffel Bag'],"₹4,500",62% off,1709.0,62 l,Free delivery,"Below ₹2,000"
432,Aliya Aliva Luggage,['60 L Strolley Duffel Bag'],"₹3,999",72% off,1099.0,60 L,Free delivery,"Below ₹2,000"
433,WROGN,['70 L Strolley Duffel Bag'],"₹3,999",83% off,649.0,70 L,Free delivery,"Below ₹1,000"
434,Goldline,['50 L Hand Duffel Bag'],"₹1,999",52% off,949.0,50 L,Free delivery,"Below ₹1,000"
435,Axen,['60 L Strolley Duffel Bag'],"₹2,999",73% off,799.0,60 L,Free delivery,"Below ₹1,000"
436,Wildcraft,['40 L Hand Duffel Bag'],"₹2,999",61% off,1159.0,40 L,Free delivery,"Below ₹2,000"
437,Wildcraft,['35 L Hand Duffel Bag'],"₹2,549",56% off,1119.0,35 L,Free delivery,"Below ₹2,000"
438,MS DECENT LUGGAGE,['80 L Hand Duffel Bag'],"₹3,999",86% off,539.0,80 L,Free delivery,"Below ₹1,000"
439,Jholawala,['65 L Strolley Duffel Bag'],"₹2,999",86% off,399.0,65 L,Free delivery,Below ₹500
440,AMERICAN TOURISTER,['78 L Strolley Duffel Bag'],"₹4,090",61% off,1569.0,78 L,Free delivery,"Below ₹2,000"
441,AMERICAN TOURISTER,['52 l Hand Duffel Bag'],"₹2,950",61% off,1129.0,52 l,Free delivery,"Below ₹2,000"
442,Aliya Luggage,['58 L Strolley Duffel Bag'],"₹1,999",75% off,499.0,58 L,Free delivery,Below ₹500
443,SD Star,['60 L Strolley Duffel Bag'],"₹2,499",84% off,398.0,60 L,Free delivery,Below ₹500
444,SD Star,['60 L Strolley Duffel Bag'],"₹1,599",75% off,399.0,60 L,Free delivery,Below ₹500
445,Trans,['50 L Strolley Duffel Bag'],"₹2,399",82% off,426.0,50 L,Free delivery,Below ₹500
446,AMERICAN TOURISTER,['78 L Strolley Duffel Bag'],"₹4,090",62% off,1529.0,78 L,Free delivery,"Below ₹2,000"
447,AMERICAN TOURISTER,,"₹4,500",62% off,1669.0,,Free delivery,"Below ₹2,000"
448,Ontop trends,['60 L Hand Duffel Bag'],"₹1,499",60% off,598.0,60 L,Free delivery,"Below ₹1,000"
449,TOMMY HILFIGER,['29 L Gym Duffel Bag'],"₹3,499",29% off,2460.0,29 L,Free delivery,"Below ₹5,000"
450,Kamiliant by American Tourister,['66 L Strolley Duffel Bag'],"₹3,750",57% off,1599.0,66 L,Free delivery,"Below ₹2,000"
451,AMERICAN TOURISTER,['56 L Strolley Duffel Bag'],"₹3,790",61% off,1469.0,56 L,Free delivery,"Below ₹2,000"
452,PUMA,['30 L Hand Duffel Bag'],"₹2,799",34% off,1829.0,30 L,Free delivery,"Below ₹2,000"
453,SD Star,['60 L Strolley Duffel Bag'],"₹1,599",75% off,398.0,60 L,Free delivery,Below ₹500
454,SD Star,['50 L Strolley Duffel Bag'],₹999,60% off,399.0,50 L,Free delivery,Below ₹500
455,DILOX,['60 L Strolley Duffel Bag'],"₹1,499",77% off,342.0,60 L,,Below ₹500
456,Wildcraft,['30 L Hand Duffel Bag'],"₹1,449",57% off,619.0,30 L,Free delivery,"Below ₹1,000"
457,AMERICAN TOURISTER,['52 l Strolley Duffel Bag'],"₹4,000",64% off,1409.0,52 l,Free delivery,"Below ₹2,000"
458,Blue Star Luggage,['42 L Gym Duffel Bag'],"₹1,499",78% off,319.0,42 L,Free delivery,Below ₹500
459,BRIVER,['10 L Gym Duffel Bag'],₹499,60% off,199.0,10 L,Free delivery,Below ₹500
460,ZEDEN,['65 L Strolley Duffel Bag'],"₹2,999",87% off,377.0,65 L,Free delivery,Below ₹500
461,AMERICAN TOURISTER,['56 L Strolley Duffel Bag'],"₹3,790",62% off,1409.0,56 L,Free delivery,"Below ₹2,000"
462,PAZZO,['42 L Hand Duffel Bag'],"₹1,549",54% off,699.0,42 L,Free delivery,"Below ₹1,000"
463,PUMA,['27 L Hand Duffel Bag'],"₹1,299",30% off,899.0,27 L,Free delivery,"Below ₹1,000"
464,ARISTOCRAT,['13 L Strolley Duffel Bag'],"₹2,580",52% off,1229.0,13 L,Free delivery,"Below ₹2,000"
465,Flexible,['60 L Strolley Duffel Bag'],"₹1,499",64% off,539.0,60 L,Free delivery,"Below ₹1,000"
466,bayo,['65 L Hand Duffel Bag'],"₹3,999",75% off,999.0,65 L,Free delivery,"Below ₹1,000"
467,Kamiliant by American Tourister,['41 L Strolley Duffel Bag'],"₹3,150",65% off,1089.0,41 L,Free delivery,"Below ₹2,000"
468,SD Star,['50 L Strolley Duffel Bag'],₹999,60% off,398.0,50 L,Free delivery,Below ₹500
469,Zion Bag,['55 L Strolley Duffel Bag'],"₹2,499",52% off,1199.0,55 L,Free delivery,"Below ₹2,000"
470,BAG 4 U,['40 L Strolley Duffel Bag'],"₹2,999",87% off,379.0,40 L,Free delivery,Below ₹500
471,AMERICAN TOURISTER,['62 l Strolley Duffel Bag'],"₹4,500",62% off,1709.0,62 l,Free delivery,"Below ₹2,000"
472,WROGN,['35 L Gym Duffel Bag'],"₹2,499",80% off,489.0,35 L,Free delivery,Below ₹500
473,Dejan,['20 L Strolley Duffel Bag'],"₹3,699",73% off,975.0,20 L,Free delivery,"Below ₹1,000"
474,inte traders,['60 L Strolley Duffel Bag'],"₹1,199",64% off,426.0,60 L,Free delivery,Below ₹500
475,markway,['35 L Hand Duffel Bag'],"₹2,199",77% off,494.0,35 L,Free delivery,Below ₹500
476,Wildcraft,['40 L Hand Duffel Bag'],"₹2,999",61% off,1159.0,40 L,Free delivery,"Below ₹2,000"
477,Nice Line,['60 L Strolley Duffel Bag'],"₹2,499",82% off,427.0,60 L,Free delivery,Below ₹500
478,Ficro,['40 L Gym Duffel Bag'],"₹1,499",80% off,289.0,40 L,Free delivery,Below ₹500
479,Sky Script,['65 L Strolley Duffel Bag'],"₹2,499",60% off,989.0,65 L,Free delivery,"Below ₹1,000"
480,AMERICAN TOURISTER,['78 L Strolley Duffel Bag'],"₹4,090",61% off,1569.0,78 L,Free delivery,"Below ₹2,000"
481,SAFARI,['56 L Strolley Duffel Bag'],"₹3,870",71% off,1109.0,56 L,Free delivery,"Below ₹2,000"
482,Gear,['40 L Hand Duffel Bag'],"₹1,299",36% off,820.0,40 L,Free delivery,"Below ₹1,000"
483,inte traders,['60 L Strolley Duffel Bag'],"₹2,999",77% off,687.0,60 L,,"Below ₹1,000"
484,Astro,['80 L Strolley Duffel Bag'],"₹2,471",84% off,390.0,80 L,Free delivery,Below ₹500
485,VIP,['55 L Strolley Duffel Bag'],"₹64,999",93% off,4000.0,55 L,Free delivery,"Below ₹5,000"
486,AMERICAN TOURISTER,['52 l Hand Duffel Bag'],"₹2,950",61% off,1129.0,52 l,Free delivery,"Below ₹2,000"
487,AMERICAN TOURISTER,['78 L Strolley Duffel Bag'],"₹4,090",62% off,1529.0,78 L,Free delivery,"Below ₹2,000"
488,Inte Enterprises,['60 L Strolley Duffel Bag'],"₹1,699",78% off,360.0,60 L,,Below ₹500
489,Lavie Sport,['60 L Strolley Duffel Bag'],"₹4,495",74% off,1149.0,60 L,Free delivery,"Below ₹2,000"
490,AMERICAN TOURISTER,,"₹4,500",62% off,1669.0,,Free delivery,"Below ₹2,000"
491,Kamiliant by American Tourister,['66 L Strolley Duffel Bag'],"₹3,750",57% off,1599.0,66 L,Free delivery,"Below ₹2,000"
492,Rozen Luggage Bag,['60 L Hand Duffel Bag'],"₹1,983",71% off,574.0,60 L,Free delivery,"Below ₹1,000"
493,Inte Enterprises,['60 L Strolley Duffel Bag'],"₹1,199",62% off,449.0,60 L,Free delivery,Below ₹500
494,ZERUS,['65 L Strolley Duffel Bag'],"₹2,999",80% off,599.0,65 L,Free delivery,"Below ₹1,000"
495,Hard Craft,['35 L Hand Duffel Bag'],"₹3,999",80% off,799.0,35 L,Free delivery,"Below ₹1,000"
496,Wildcraft,['30 L Hand Duffel Bag'],"₹1,449",57% off,619.0,30 L,Free delivery,"Below ₹1,000"
497,AMERICAN TOURISTER,['56 L Strolley Duffel Bag'],"₹3,790",61% off,1469.0,56 L,Free delivery,"Below ₹2,000"
498,AnyBuy,['69 L Strolley Duffel Bag'],"₹3,999",78% off,859.0,69 L,Free delivery,"Below ₹1,000"
499,VIP,['33 L Hand Duffel Bag'],"₹2,625",59% off,1069.0,33 L,Free delivery,"Below ₹2,000"
500,ZEDEN,['65 L Strolley Duffel Bag'],"₹2,999",87% off,377.0,65 L,Free delivery,Below ₹500
501,AMERICAN TOURISTER,['52 l Strolley Duffel Bag'],"₹4,000",64% off,1409.0,52 l,Free delivery,"Below ₹2,000"
502,Aliya Luggage,['58 L Strolley Duffel Bag'],"₹1,999",75% off,499.0,58 L,Free delivery,Below ₹500
503,Flexible,['60 L Strolley Duffel Bag'],"₹1,499",62% off,569.0,60 L,Free delivery,"Below ₹1,000"
504,Trovety Luggage,['50 L Strolley Duffel Bag'],"₹2,168",78% off,459.0,50 L,Free delivery,Below ₹500
505,Trovety Luggage,['60 L Strolley Duffel Bag'],"₹2,999",72% off,819.0,60 L,Free delivery,"Below ₹1,000"
506,AMERICAN TOURISTER,['56 L Strolley Duffel Bag'],"₹3,790",62% off,1409.0,56 L,Free delivery,"Below ₹2,000"
507,bayo,['65 L Hand Duffel Bag'],"₹3,999",75% off,999.0,65 L,Free delivery,"Below ₹1,000"
508,familiar,['50 L Strolley Duffel Bag'],"₹3,999",78% off,849.0,50 L,Free delivery,"Below ₹1,000"
509,VIDHI,['66 L Strolley Duffel Bag'],"₹1,999",65% off,699.0,66 L,Free delivery,"Below ₹1,000"
510,Decent Luggage,['90 L Hand Duffel Bag'],"₹2,999",83% off,499.0,90 L,Free delivery,Below ₹500
511,BAG 4 U,['40 L Strolley Duffel Bag'],"₹2,999",87% off,379.0,40 L,Free delivery,Below ₹500
512,Weelza Duffle Luggage,['65 L Strolley Duffel Bag'],"₹3,999",82% off,690.0,65 L,Free delivery,"Below ₹1,000"
513,FEDRA,['60 L Strolley Duffel Bag'],"₹2,299",79% off,472.0,60 L,Free delivery,Below ₹500
514,Frontsy,['55 L Strolley Duffel Bag'],"₹2,499",60% off,999.0,55 L,Free delivery,"Below ₹1,000"
515,Jholawala,"['60 L Strolley Duffel Bag', '60 L Strolley Duffel Bag']","₹3,999",82% off,699.0,60 L,Free delivery,"Below ₹1,000"
516,Kamiliant by American Tourister,['41 L Strolley Duffel Bag'],"₹3,150",65% off,1089.0,41 L,Free delivery,"Below ₹2,000"
517,AMERICAN TOURISTER,['62 l Strolley Duffel Bag'],"₹4,500",62% off,1709.0,62 l,Free delivery,"Below ₹2,000"
518,FLYIT,['28 L Hand Duffel Bag'],₹999,36% off,637.0,28 L,Free delivery,"Below ₹1,000"
519,PROVOGUE,['65 L Strolley Duffel Bag'],"₹2,599",77% off,584.0,65 L,Free delivery,"Below ₹1,000"
520,SD Star,['60 L Strolley Duffel Bag'],"₹2,499",84% off,395.0,60 L,Free delivery,Below ₹500
521,Dmade,['20 L Hand Duffel Bag'],₹649,54% off,294.0,20 L,Free delivery,Below ₹500
522,Noor B,['60 L Strolley Duffel Bag'],"₹1,599",74% off,410.0,60 L,Free delivery,Below ₹500
523,Decent Luggage,['90 L Hand Duffel Bag'],"₹2,999",80% off,599.0,90 L,Free delivery,"Below ₹1,000"
524,EKALFAST,['65 L Strolley Duffel Bag'],"₹2,499",81% off,464.0,65 L,Free delivery,Below ₹500
525,Lavie Sport,['37 L Hand Duffel Bag'],"₹3,999",76% off,949.0,37 L,Free delivery,"Below ₹1,000"
526,Axen,['45 L Strolley Duffel Bag'],"₹1,999",80% off,382.0,45 L,Free delivery,Below ₹500
527,TOMMY HILFIGER,['41 L Hand Duffel Bag'],"₹2,499",33% off,1669.0,41 L,Free delivery,"Below ₹2,000"
528,Trovety Luggage,['60 L Strolley Duffel Bag'],"₹2,999",71% off,842.0,60 L,Free delivery,"Below ₹1,000"
529,Weelza Duffle Luggage,['55 L Strolley Duffel Bag'],"₹2,299",83% off,387.0,55 L,Free delivery,Below ₹500
530,Poltsa,,"₹1,899",57% off,799.0,,Free delivery,"Below ₹1,000"
531,Flexible,['60 L Strolley Duffel Bag'],"₹1,499",62% off,569.0,60 L,Free delivery,"Below ₹1,000"
532,MUSCLEBLAZE,['30 L Gym Duffel Bag'],"₹1,200",33% off,799.0,30 L,Free delivery,"Below ₹1,000"
533,PROVOGUE,['65 L Strolley Duffel Bag'],"₹2,599",77% off,584.0,65 L,Free delivery,"Below ₹1,000"
534,ZEDEN,['65 L Strolley Duffel Bag'],"₹2,999",87% off,360.0,65 L,Free delivery,Below ₹500
535,PERFECT STAR,['60 L Strolley Duffel Bag'],"₹1,999",74% off,518.0,60 L,Free delivery,"Below ₹1,000"
536,STRONG LIFE,['35 L Hand Duffel Bag'],"₹1,329",72% off,359.0,35 L,Free delivery,Below ₹500
537,PERFECT STAR,"['65 L Strolley Duffel Bag', '65 L Strolley Duffel Bag']","₹2,449",74% off,616.0,65 L,Free delivery,"Below ₹1,000"
538,emore,['50 L Hand Duffel Bag'],"₹1,902",78% off,415.0,50 L,Free delivery,Below ₹500
539,SAFARI,['42 L Strolley Duffel Bag'],"₹3,425",64% off,1199.0,42 L,Free delivery,"Below ₹2,000"
540,SAKSHI FASHION,['60 L Strolley Duffel Bag'],"₹1,999",80% off,386.0,60 L,Free delivery,Below ₹500
541,SAKSHI FASHION,['60 L Strolley Duffel Bag'],"₹1,999",80% off,386.0,60 L,Free delivery,Below ₹500
542,AMERICAN TOURISTER,['60 L Strolley Duffel Bag'],"₹5,599",49% off,2840.0,60 L,Free delivery,"Below ₹5,000"
543,DILOX,['40 L Strolley Duffel Bag'],"₹1,499",77% off,342.0,40 L,,Below ₹500
544,DENIM DOTS,"['35 L Gym Duffel Bag', '35 L Denim Duffel Bag']","₹2,547",48% off,1299.0,35 L,Free delivery,"Below ₹2,000"
545,Aliya Luggage,['56 L Strolley Duffel Bag'],"₹1,999",78% off,439.0,56 L,Free delivery,Below ₹500
546,Superb Creation,['55 L Strolley Duffel Bag'],"₹3,499",72% off,949.0,55 L,Free delivery,"Below ₹1,000"
547,Strabo,['28 L Gym Duffel Bag'],₹749,20% off,599.0,28 L,Free delivery,"Below ₹1,000"
548,ARISTOCRAT,['46 L Strolley Duffel Bag'],"₹3,600",59% off,1469.0,46 L,Free delivery,"Below ₹2,000"
549,PUMA,['50 L Hand Duffel Bag'],,,3000.0,50 L,Free delivery,"Below ₹5,000"
550,FEDRA,['40 L Strolley Duffel Bag'],"₹2,799",85% off,403.0,40 L,Free delivery,Below ₹500
551,SAKSHI FASHION,['60 L Strolley Duffel Bag'],"₹2,499",85% off,369.0,60 L,Free delivery,Below ₹500
552,ZERUS,['65 L Strolley Duffel Bag'],"₹2,999",86% off,404.0,65 L,Free delivery,Below ₹500
553,Ontop trends,"['50 L Hand Duffel Bag', '50 L Hand Duffel Bag']","₹2,999",83% off,483.0,50 L,Free delivery,Below ₹500
554,SAKSHI FASHION,['60 L Strolley Duffel Bag'],"₹2,499",85% off,367.0,60 L,Free delivery,Below ₹500
555,SK Fancy Luggage,"['60 L Strolley Duffel Bag', '60 L Strolley Duffel Bag']","₹3,499",70% off,1044.0,60 L,Free delivery,"Below ₹2,000"
556,Aliya Luggage,['56 L Strolley Duffel Bag'],"₹1,999",78% off,439.0,56 L,Free delivery,Below ₹500
557,ARISTOCRAT,['55 L Strolley Duffel Bag'],"₹5,670",64% off,1987.0,55 L,Free delivery,"Below ₹2,000"
558,Leatherworld,['43 L Hand Duffel Bag'],"₹2,999",64% off,1060.0,43 L,Free delivery,"Below ₹2,000"
559,Kyros,['60 L Strolley Duffel Bag'],"₹3,299",85% off,480.0,60 L,Free delivery,Below ₹500
560,AMERICAN TOURISTER,['78 L Strolley Duffel Bag'],"₹4,090",61% off,1569.0,78 L,Free delivery,"Below ₹2,000"
561,AMERICAN TOURISTER,['52 l Hand Duffel Bag'],"₹2,950",61% off,1129.0,52 l,Free delivery,"Below ₹2,000"
562,Nice Line,['40 L Strolley Duffel Bag'],"₹3,099",86% off,419.0,40 L,Free delivery,Below ₹500
563,PUMA,['32 L Hand Duffel Bag'],"₹1,299",31% off,889.0,32 L,Free delivery,"Below ₹1,000"
564,PERFECT STAR,['60 L Strolley Duffel Bag'],"₹2,699",80% off,535.0,60 L,Free delivery,"Below ₹1,000"
565,Hasan,['00 L Gym Duffel Bag'],₹499,63% off,180.0,00 L,,Below ₹500
566,AMERICAN TOURISTER,['78 L Strolley Duffel Bag'],"₹4,090",62% off,1529.0,78 L,Free delivery,"Below ₹2,000"
567,Kamiliant by American Tourister,['66 L Strolley Duffel Bag'],"₹3,750",57% off,1599.0,66 L,Free delivery,"Below ₹2,000"
568,Raisons,['23 L Gym Duffel Bag'],₹999,72% off,275.0,23 L,Free delivery,Below ₹500
569,inte traders,['60 L Strolley Duffel Bag'],"₹1,799",81% off,334.0,60 L,,Below ₹500
570,Wildcraft,['30 L Hand Duffel Bag'],"₹1,449",57% off,619.0,30 L,Free delivery,"Below ₹1,000"
571,AMERICAN TOURISTER,['56 L Strolley Duffel Bag'],"₹3,790",61% off,1469.0,56 L,Free delivery,"Below ₹2,000"
572,ZERUS,['65 L Strolley Duffel Bag'],"₹2,999",86% off,404.0,65 L,Free delivery,Below ₹500
573,TORRENTO,['40 L Gym Duffel Bag'],₹999,58% off,419.0,40 L,Free delivery,Below ₹500
574,COOL INDIANS,['20 L Gym Duffel Bag'],₹699,57% off,298.0,20 L,Free delivery,Below ₹500
575,AMERICAN TOURISTER,['85 L Strolley Duffel Bag'],"₹5,050",44% off,2802.0,85 L,Free delivery,"Below ₹5,000"
576,AMERICAN TOURISTER,['52 l Strolley Duffel Bag'],"₹4,000",64% off,1409.0,52 l,Free delivery,"Below ₹2,000"
577,AMERICAN TOURISTER,['56 L Strolley Duffel Bag'],"₹3,790",62% off,1409.0,56 L,Free delivery,"Below ₹2,000"
578,urban carrier,['70 L Strolley Duffel Bag'],"₹1,999",72% off,549.0,70 L,Free delivery,"Below ₹1,000"
579,COOL INDIANS,['20 L Gym Duffel Bag'],₹799,62% off,298.0,20 L,Free delivery,Below ₹500
580,bayo,['65 L Hand Duffel Bag'],"₹3,999",75% off,999.0,65 L,Free delivery,"Below ₹1,000"
581,ZEDEN,['65 L Strolley Duffel Bag'],"₹2,999",87% off,377.0,65 L,Free delivery,Below ₹500
582,familiar,['60 L Strolley Duffel Bag'],"₹4,999",82% off,899.0,60 L,Free delivery,"Below ₹1,000"
583,Familiar Travel Luggage,['40 L Hand Duffel Bag'],"₹2,899",79% off,599.0,40 L,Free delivery,"Below ₹1,000"
584,Familiar Travel Luggage,['40 L Hand Duffel Bag'],"₹2,899",79% off,599.0,40 L,Free delivery,"Below ₹1,000"
585,PROVOGUE,['65 L Strolley Duffel Bag'],"₹2,599",77% off,584.0,65 L,Free delivery,"Below ₹1,000"
586,Wildcraft,['40 L Hand Duffel Bag'],"₹2,999",61% off,1159.0,40 L,Free delivery,"Below ₹2,000"
587,BAG 4 U,['40 L Strolley Duffel Bag'],"₹2,999",87% off,379.0,40 L,Free delivery,Below ₹500
588,PROVOGUE,['65 L Strolley Duffel Bag'],"₹2,599",76% off,616.0,65 L,Free delivery,"Below ₹1,000"
589,Aliya Luggage,['58 L Strolley Duffel Bag'],"₹1,999",75% off,499.0,58 L,Free delivery,Below ₹500
590,Wildcraft,['35 L Hand Duffel Bag'],"₹2,549",56% off,1119.0,35 L,Free delivery,"Below ₹2,000"
591,Nice Line,['60 L Strolley Duffel Bag'],"₹2,499",82% off,427.0,60 L,Free delivery,Below ₹500
592,SAKSHI FASHION,['60 L Strolley Duffel Bag'],"₹2,499",85% off,365.0,60 L,Free delivery,Below ₹500
593,Urban Travel Luggage,['70 L Strolley Duffel Bag'],"₹3,500",74% off,897.0,70 L,Free delivery,"Below ₹1,000"
594,Goldline,['39 L Hand Duffel Bag'],"₹2,999",65% off,1044.0,39 L,Free delivery,"Below ₹2,000"
595,PLAYYBAGS,['50 L Hand Duffel Bag'],"₹1,798",77% off,409.0,50 L,Free delivery,Below ₹500
596,Flyinza Luggage,['65 L Strolley Duffel Bag'],"₹3,499",75% off,847.0,65 L,Free delivery,"Below ₹1,000"
597,Wildcraft,['40 L Hand Duffel Bag'],"₹2,949",61% off,1129.0,40 L,Free delivery,"Below ₹2,000"
598,Kyros,['60 L Strolley Duffel Bag'],"₹3,299",85% off,480.0,60 L,Free delivery,Below ₹500
599,PERFECT STAR,['60 L Strolley Duffel Bag'],"₹1,999",74% off,518.0,60 L,Free delivery,"Below ₹1,000"
600,AMERICAN TOURISTER,['78 L Strolley Duffel Bag'],"₹4,090",61% off,1569.0,78 L,Free delivery,"Below ₹2,000"
601,SAFARI,['56 L Strolley Duffel Bag'],"₹3,870",71% off,1109.0,56 L,Free delivery,"Below ₹2,000"
602,B STAR B,['60 L Strolley Duffel Bag'],"₹1,499",70% off,449.0,60 L,Free delivery,Below ₹500
603,PERFECT STAR,['60 L Strolley Duffel Bag'],"₹1,999",74% off,518.0,60 L,Free delivery,"Below ₹1,000"
604,Sylviyaz,['45 L Hand Duffel Bag'],₹899,34% off,591.0,45 L,Free delivery,"Below ₹1,000"
605,Jholawala,['65 L Strolley Duffel Bag'],"₹3,199",87% off,399.0,65 L,Free delivery,Below ₹500
606,AMERICAN TOURISTER,['52 l Hand Duffel Bag'],"₹2,950",61% off,1129.0,52 l,Free delivery,"Below ₹2,000"
607,AMERICAN TOURISTER,['78 L Strolley Duffel Bag'],"₹4,090",62% off,1529.0,78 L,Free delivery,"Below ₹2,000"
608,SKYLINE,['80 L Strolley Duffel Bag'],"₹3,500",61% off,1339.0,80 L,Free delivery,"Below ₹2,000"
609,HONESTSTORE,"['30 L Hand Duffel Bag', '30 L Hand Duffel Bag']",₹999,53% off,460.0,30 L,Free delivery,Below ₹500
610,AMERICAN TOURISTER,,"₹4,500",62% off,1669.0,,Free delivery,"Below ₹2,000"
611,Kamiliant by American Tourister,['66 L Strolley Duffel Bag'],"₹3,750",57% off,1599.0,66 L,Free delivery,"Below ₹2,000"
612,PROVOGUE,['70 L Strolley Duffel Bag'],"₹3,999",84% off,601.0,70 L,Free delivery,"Below ₹1,000"
613,AnyBuy,['69 L Strolley Duffel Bag'],"₹3,999",78% off,859.0,69 L,Free delivery,"Below ₹1,000"
614,Gear,['25 L Gym Duffel Bag'],"₹2,399",66% off,795.0,25 L,Free delivery,"Below ₹1,000"
615,Trans,['50 L Strolley Duffel Bag'],"₹2,099",81% off,398.0,50 L,Free delivery,Below ₹500
616,Wildcraft,['30 L Hand Duffel Bag'],"₹1,449",57% off,619.0,30 L,Free delivery,"Below ₹1,000"
617,AMERICAN TOURISTER,['56 L Strolley Duffel Bag'],"₹3,790",61% off,1469.0,56 L,Free delivery,"Below ₹2,000"
618,Goldline,['39 L Hand Duffel Bag'],"₹2,999",65% off,1044.0,39 L,Free delivery,"Below ₹2,000"
619,Goldline,['50 L Hand Duffel Bag'],"₹2,999",65% off,1044.0,50 L,Free delivery,"Below ₹2,000"
620,ZEDEN,['65 L Strolley Duffel Bag'],"₹2,999",87% off,377.0,65 L,Free delivery,Below ₹500
621,AMERICAN TOURISTER,['52 l Strolley Duffel Bag'],"₹4,000",64% off,1409.0,52 l,Free delivery,"Below ₹2,000"
622,LUGGAGE WORLD,['55 L Strolley Duffel Bag'],"₹2,699",83% off,455.0,55 L,Free delivery,Below ₹500
623,NHQ FASHION,['50 L Strolley Duffel Bag'],"₹2,799",83% off,449.0,50 L,Free delivery,Below ₹500
624,Familiar Travel Luggage,['40 L Hand Duffel Bag'],"₹2,899",79% off,599.0,40 L,Free delivery,"Below ₹1,000"
625,SAB,['45 L Hand Duffel Bag'],"₹1,899",73% off,499.0,45 L,Free delivery,Below ₹500
626,bayo,['65 L Hand Duffel Bag'],"₹3,999",75% off,999.0,65 L,Free delivery,"Below ₹1,000"
627,AMERICAN TOURISTER,['56 L Strolley Duffel Bag'],"₹3,790",62% off,1409.0,56 L,Free delivery,"Below ₹2,000"
628,PROVOGUE,['65 L Strolley Duffel Bag'],"₹2,599",76% off,616.0,65 L,Free delivery,"Below ₹1,000"
629,SKY BULLS,['40 L Strolley Duffel Bag'],"₹2,998",85% off,449.0,40 L,Free delivery,Below ₹500
630,Decent Luggage,['90 L Hand Duffel Bag'],"₹2,999",83% off,499.0,90 L,Free delivery,Below ₹500
631,BAG 4 U,['40 L Strolley Duffel Bag'],"₹2,999",87% off,379.0,40 L,Free delivery,Below ₹500
632,NHQFASHION,['57 L Strolley Duffel Bag'],"₹2,599",84% off,404.0,57 L,Free delivery,Below ₹500
633,TOPMOON FASHION,['65 L Strolley Duffel Bag'],"₹1,999",67% off,649.0,65 L,Free delivery,"Below ₹1,000"
634,perfactstar,['70 L Strolley Duffel Bag'],"₹1,999",72% off,545.0,70 L,Free delivery,"Below ₹1,000"
635,PROVOGUE,['50 L Strolley Duffel Bag'],"₹2,999",83% off,486.0,50 L,Free delivery,Below ₹500
636,Kamiliant by American Tourister,['41 L Strolley Duffel Bag'],"₹3,150",65% off,1089.0,41 L,Free delivery,"Below ₹2,000"
637,AMERICAN TOURISTER,['62 l Strolley Duffel Bag'],"₹4,500",62% off,1709.0,62 l,Free delivery,"Below ₹2,000"
638,perfactstar,['75 L Hand Duffel Bag'],"₹2,999",78% off,649.0,75 L,Free delivery,"Below ₹1,000"
639,Trovety Travel,['50 L Strolley Duffel Bag'],"₹2,156",76% off,498.0,50 L,Free delivery,Below ₹500
640,AMERICAN TOURISTER,['78 L Strolley Duffel Bag'],"₹4,090",61% off,1569.0,78 L,Free delivery,"Below ₹2,000"
641,AMERICAN TOURISTER,['52 l Hand Duffel Bag'],"₹2,950",61% off,1129.0,52 l,Free delivery,"Below ₹2,000"
642,Goldline,['50 L Hand Duffel Bag'],"₹2,999",65% off,1044.0,50 L,Free delivery,"Below ₹2,000"
643,PUMA,['27 L Hand Duffel Bag'],"₹1,299",30% off,899.0,27 L,Free delivery,"Below ₹1,000"
644,DEKIYANZ,['45 L Hand Duffel Bag'],"₹1,099",54% off,499.0,45 L,Free delivery,Below ₹500
645,XZERUS,['55 L Strolley Duffel Bag'],"₹2,999",62% off,1130.0,55 L,Free delivery,"Below ₹2,000"
646,AMERICAN TOURISTER,['78 L Strolley Duffel Bag'],"₹4,090",62% off,1529.0,78 L,Free delivery,"Below ₹2,000"
647,Kamiliant by American Tourister,['66 L Strolley Duffel Bag'],"₹3,750",57% off,1599.0,66 L,Free delivery,"Below ₹2,000"
648,SD Star,['60 L Strolley Duffel Bag'],"₹4,999",84% off,781.0,60 L,Free delivery,"Below ₹1,000"
649,XZERUS,['55 L Strolley Duffel Bag'],"₹2,999",62% off,1130.0,55 L,Free delivery,"Below ₹2,000"
650,Wildcraft,['30 L Hand Duffel Bag'],"₹1,449",57% off,619.0,30 L,Free delivery,"Below ₹1,000"
651,AMERICAN TOURISTER,['56 L Strolley Duffel Bag'],"₹3,790",61% off,1469.0,56 L,Free delivery,"Below ₹2,000"
652,XZERUS,['55 L Strolley Duffel Bag'],"₹2,999",62% off,1130.0,55 L,Free delivery,"Below ₹2,000"
653,SD Star,['60 L Strolley Duffel Bag'],"₹4,999",84% off,798.0,60 L,Free delivery,"Below ₹1,000"
654,XZERUS,['55 L Strolley Duffel Bag'],"₹2,999",65% off,1026.0,55 L,Free delivery,"Below ₹2,000"
655,XZERUS,['55 L Strolley Duffel Bag'],"₹2,999",62% off,1130.0,55 L,Free delivery,"Below ₹2,000"
656,AMERICAN TOURISTER,['52 l Strolley Duffel Bag'],"₹4,000",64% off,1409.0,52 l,Free delivery,"Below ₹2,000"
657,AMERICAN TOURISTER,['56 L Strolley Duffel Bag'],"₹3,790",62% off,1409.0,56 L,Free delivery,"Below ₹2,000"
658,SKYLINE,['70 L Strolley Duffel Bag'],"₹5,550",58% off,2300.0,70 L,Free delivery,"Below ₹5,000"
659,SD Star,['50 L Strolley Duffel Bag'],₹999,60% off,398.0,50 L,Free delivery,Below ₹500
660,bayo,['65 L Hand Duffel Bag'],"₹3,999",75% off,999.0,65 L,Free delivery,"Below ₹1,000"
661,ZEDEN,['65 L Strolley Duffel Bag'],"₹2,999",87% off,377.0,65 L,Free delivery,Below ₹500
662,Inte Enterprises,['60 L Strolley Duffel Bag'],"₹1,199",65% off,419.0,60 L,Free delivery,Below ₹500
663,G Jeckson,['35 L Hand Duffel Bag'],"₹1,999",80% off,399.0,35 L,Free delivery,Below ₹500
664,BSRENTERPRISEZ,['45 L Hand Duffel Bag'],"₹1,099",46% off,592.0,45 L,,"Below ₹1,000"
665,ARISTOCRAT,['63 L Strolley Duffel Bag'],"₹4,141",63% off,1501.0,63 L,Free delivery,"Below ₹2,000"
666,BAG 4 U,['40 L Strolley Duffel Bag'],"₹2,999",87% off,379.0,40 L,Free delivery,Below ₹500
667,Wildcraft,['40 L Hand Duffel Bag'],"₹2,999",61% off,1159.0,40 L,Free delivery,"Below ₹2,000"
668,SK Fancy Luggage,['60 L Strolley Duffel Bag'],"₹2,999",66% off,995.0,60 L,Free delivery,"Below ₹1,000"
669,Jholawala,"['60 L Strolley Duffel Bag', '60 L Strolley Duffel Bag']","₹3,999",82% off,699.0,60 L,Free delivery,"Below ₹1,000"
670,Wildcraft,['35 L Hand Duffel Bag'],"₹2,549",56% off,1119.0,35 L,Free delivery,"Below ₹2,000"
671,Nice Line,['60 L Strolley Duffel Bag'],"₹2,499",82% off,427.0,60 L,Free delivery,Below ₹500
672,ARISTOCRAT,['54 L Strolley Duffel Bag'],"₹3,000",66% off,1000.0,54 L,Free delivery,"Below ₹1,000"
673,MUSCLEBLAZE,['30 L Gym Duffel Bag'],"₹1,200",33% off,799.0,30 L,Free delivery,"Below ₹1,000"
674,Flyinza,['65 L Strolley Duffel Bag'],"₹3,499",76% off,834.0,65 L,Free delivery,"Below ₹1,000"
675,TOMMY HILFIGER,['25 L Hand Duffel Bag'],"₹2,199",18% off,1789.0,25 L,Free delivery,"Below ₹2,000"
676,Flyinza Luggage,['65 L Strolley Duffel Bag'],"₹3,499",75% off,847.0,65 L,Free delivery,"Below ₹1,000"
677,Wildcraft,['40 L Hand Duffel Bag'],"₹2,949",61% off,1129.0,40 L,Free delivery,"Below ₹2,000"
678,HILL BIRD,['55 L Hand Duffel Bag'],"₹24,499",68% off,7700.0,55 L,Free delivery,"Below ₹10,000"
679,PROVOGUE,['65 L Strolley Duffel Bag'],"₹2,599",80% off,518.0,65 L,Free delivery,"Below ₹1,000"
680,AMERICAN TOURISTER,['78 L Strolley Duffel Bag'],"₹4,090",61% off,1569.0,78 L,Free delivery,"Below ₹2,000"
681,AMERICAN TOURISTER,['52 l Hand Duffel Bag'],"₹2,950",61% off,1129.0,52 l,Free delivery,"Below ₹2,000"
682,SAB LUGGAGE,['40 L Gym Duffel Bag'],"₹1,799",72% off,499.0,40 L,Free delivery,Below ₹500
683,EZEEBUY,['66 L Strolley Duffel Bag'],"₹3,999",78% off,865.0,66 L,Free delivery,"Below ₹1,000"
684,Lavie Sport,['60 L Strolley Duffel Bag'],"₹10,380",83% off,1759.0,60 L,Free delivery,"Below ₹2,000"
685,PERFECT STAR,['60 L Strolley Duffel Bag'],"₹1,999",74% off,518.0,60 L,Free delivery,"Below ₹1,000"
686,AMERICAN TOURISTER,['78 L Strolley Duffel Bag'],"₹4,090",62% off,1529.0,78 L,Free delivery,"Below ₹2,000"
687,AMERICAN TOURISTER,,"₹4,500",62% off,1669.0,,Free delivery,"Below ₹2,000"
688,Alson Duffle Luggage,['80 L Hand Duffel Bag'],"₹2,999",83% off,499.0,80 L,Free delivery,Below ₹500
689,JIRFASHION,['60 L Strolley Duffel Bag'],"₹1,999",77% off,449.0,60 L,Free delivery,Below ₹500
690,Kamiliant by American Tourister,['66 L Strolley Duffel Bag'],"₹3,750",57% off,1599.0,66 L,Free delivery,"Below ₹2,000"
691,Wildcraft,['30 L Hand Duffel Bag'],"₹1,449",57% off,619.0,30 L,Free delivery,"Below ₹1,000"
692,Aliya Aliva Luggage,['50 L Strolley Duffel Bag'],"₹1,899",76% off,439.0,50 L,Free delivery,Below ₹500
693,Aliya Aliva Luggage,['50 L Strolley Duffel Bag'],"₹1,899",76% off,439.0,50 L,Free delivery,Below ₹500
694,PLAYYBAGS,['50 L Hand Duffel Bag'],"₹1,798",77% off,409.0,50 L,Free delivery,Below ₹500
695,KEETLY,['32 L Hand Duffel Bag'],₹899,66% off,299.0,32 L,Free delivery,Below ₹500
696,AMERICAN TOURISTER,['56 L Strolley Duffel Bag'],"₹3,790",61% off,1469.0,56 L,Free delivery,"Below ₹2,000"
697,ZEDEN,['65 L Strolley Duffel Bag'],"₹2,999",87% off,377.0,65 L,Free delivery,Below ₹500
698,XERUS,['60 L Strolley Duffel Bag'],"₹2,999",62% off,1123.0,60 L,Free delivery,"Below ₹2,000"
699,Roadster,['48 L Gym Duffel Bag'],"₹2,599",72% off,702.0,48 L,Free delivery,"Below ₹1,000"
700,bayo,['65 L Hand Duffel Bag'],"₹3,999",75% off,999.0,65 L,Free delivery,"Below ₹1,000"
701,Decent Luggage,['90 L Hand Duffel Bag'],"₹2,999",83% off,499.0,90 L,Free delivery,Below ₹500
702,XERUS,['60 L Strolley Duffel Bag'],"₹2,999",62% off,1117.0,60 L,Free delivery,"Below ₹2,000"
703,ARISTOCRAT,['55 L Strolley Duffel Bag'],"₹2,680",56% off,1171.0,55 L,Free delivery,"Below ₹2,000"
704,SASCO,['65 L Strolley Duffel Bag'],"₹2,999",86% off,399.0,65 L,Free delivery,Below ₹500
705,SK Fancy Luggage,['60 L Strolley Duffel Bag'],"₹3,199",71% off,925.0,60 L,Free delivery,"Below ₹1,000"
706,AMERICAN TOURISTER,['52 l Strolley Duffel Bag'],"₹4,000",64% off,1409.0,52 l,Free delivery,"Below ₹2,000"
707,BAG 4 U,['40 L Strolley Duffel Bag'],"₹2,999",87% off,379.0,40 L,Free delivery,Below ₹500
708,Leatherworld,['52 L Hand Duffel Bag'],"₹5,999",81% off,1111.0,52 L,Free delivery,"Below ₹2,000"
709,ED EXDAS,['45 L Hand Duffel Bag'],"₹1,299",67% off,419.0,45 L,Free delivery,Below ₹500
710,AMERICAN TOURISTER,['56 L Strolley Duffel Bag'],"₹3,790",62% off,1409.0,56 L,Free delivery,"Below ₹2,000"
711,Kamiliant by American Tourister,['41 L Strolley Duffel Bag'],"₹3,150",65% off,1089.0,41 L,Free delivery,"Below ₹2,000"
712,Decent Luggage,['90 L Hand Duffel Bag'],"₹2,999",80% off,599.0,90 L,Free delivery,"Below ₹1,000"
713,Lavie Sport,['60 L Strolley Duffel Bag'],"₹4,495",74% off,1149.0,60 L,Free delivery,"Below ₹2,000"
714,PUMA,['25 L Gym Duffel Bag'],"₹3,299",35% off,2128.0,25 L,Free delivery,"Below ₹5,000"
715,HONESTSTORE,"['30 L Hand Duffel Bag', '30 L Hand Duffel Bag']",₹999,53% off,460.0,30 L,Free delivery,Below ₹500
716,AMERICAN TOURISTER,['62 l Strolley Duffel Bag'],"₹4,500",62% off,1709.0,62 l,Free delivery,"Below ₹2,000"
717,Wildcraft,['40 L Hand Duffel Bag'],"₹2,999",61% off,1159.0,40 L,Free delivery,"Below ₹2,000"
718,Inte Enterprises,['60 L Strolley Duffel Bag'],"₹1,199",62% off,449.0,60 L,Free delivery,Below ₹500
719,Blue Star Luggage,['45 L Hand Duffel Bag'],"₹1,999",73% off,539.0,45 L,Free delivery,"Below ₹1,000"
720,AMERICAN TOURISTER,['78 L Strolley Duffel Bag'],"₹4,090",61% off,1569.0,78 L,Free delivery,"Below ₹2,000"
721,AMERICAN TOURISTER,['52 l Hand Duffel Bag'],"₹2,950",61% off,1129.0,52 l,Free delivery,"Below ₹2,000"
722,XERUS,['45 L Strolley Duffel Bag'],"₹2,499",56% off,1089.0,45 L,Free delivery,"Below ₹2,000"
723,PROVOGUE,['70 L Strolley Duffel Bag'],"₹3,599",81% off,649.0,70 L,Free delivery,"Below ₹1,000"
724,PROVOGUE,['70 L Strolley Duffel Bag'],"₹3,599",81% off,649.0,70 L,Free delivery,"Below ₹1,000"
725,Blue Star Luggage,['42 L Gym Duffel Bag'],"₹1,499",78% off,319.0,42 L,Free delivery,Below ₹500
726,AMERICAN TOURISTER,['78 L Strolley Duffel Bag'],"₹4,090",62% off,1529.0,78 L,Free delivery,"Below ₹2,000"
727,Kamiliant by American Tourister,['66 L Strolley Duffel Bag'],"₹3,750",57% off,1599.0,66 L,Free delivery,"Below ₹2,000"
728,Blue Star Luggage,['42 L Gym Duffel Bag'],"₹1,499",78% off,319.0,42 L,Free delivery,Below ₹500
729,PROVOGUE,['50 L Strolley Duffel Bag'],"₹2,999",84% off,468.0,50 L,Free delivery,Below ₹500
730,Wildcraft,['30 L Hand Duffel Bag'],"₹1,449",57% off,619.0,30 L,Free delivery,"Below ₹1,000"
731,AMERICAN TOURISTER,['56 L Strolley Duffel Bag'],"₹3,790",61% off,1469.0,56 L,Free delivery,"Below ₹2,000"
732,HARISSONS,['42 L Gym Duffel Bag'],₹999,10% off,899.0,42 L,Free delivery,"Below ₹1,000"
733,Trans,['50 L Strolley Duffel Bag'],"₹2,299",78% off,491.0,50 L,Free delivery,Below ₹500
734,Strabo,['28 L Gym Duffel Bag'],₹749,20% off,599.0,28 L,Free delivery,"Below ₹1,000"
735,TOMMY HILFIGER,['29 L Gym Duffel Bag'],"₹2,999",23% off,2308.0,29 L,Free delivery,"Below ₹5,000"
736,AMERICAN TOURISTER,['52 l Strolley Duffel Bag'],"₹4,000",64% off,1409.0,52 l,Free delivery,"Below ₹2,000"
737,AMERICAN TOURISTER,['56 L Strolley Duffel Bag'],"₹3,790",62% off,1409.0,56 L,Free delivery,"Below ₹2,000"
738,Flyinza,['65 L Strolley Duffel Bag'],"₹2,199",78% off,471.0,65 L,Free delivery,Below ₹500
739,Jholawala,['65 L Strolley Duffel Bag'],"₹4,999",80% off,999.0,65 L,Free delivery,"Below ₹1,000"
740,bayo,['65 L Hand Duffel Bag'],"₹3,999",75% off,999.0,65 L,Free delivery,"Below ₹1,000"
741,ZEDEN,['65 L Strolley Duffel Bag'],"₹2,999",87% off,377.0,65 L,Free delivery,Below ₹500
742,XERUS,['45 L Strolley Duffel Bag'],"₹2,499",58% off,1041.0,45 L,Free delivery,"Below ₹2,000"
743,WROGN,['35 L Gym Duffel Bag'],"₹2,499",80% off,489.0,35 L,Free delivery,Below ₹500
744,PROVOGUE,['50 L Strolley Duffel Bag'],"₹2,999",80% off,599.0,50 L,Free delivery,"Below ₹1,000"
745,BRIGHT STAR LUGGAGE,['50 L Hand Duffel Bag'],"₹1,999",78% off,431.0,50 L,Free delivery,Below ₹500
746,Wildcraft,['40 L Hand Duffel Bag'],"₹2,999",61% off,1159.0,40 L,Free delivery,"Below ₹2,000"
747,BAG 4 U,['40 L Strolley Duffel Bag'],"₹2,999",87% off,379.0,40 L,Free delivery,Below ₹500
748,familiar,['60 L Strolley Duffel Bag'],"₹3,999",77% off,899.0,60 L,Free delivery,"Below ₹1,000"
749,Blue Star Luggage,['42 L Gym Duffel Bag'],"₹1,499",78% off,319.0,42 L,Free delivery,Below ₹500
750,Nice Line,['60 L Strolley Duffel Bag'],"₹2,499",82% off,427.0,60 L,Free delivery,Below ₹500
751,Wildcraft,['40 L Hand Duffel Bag'],"₹2,949",61% off,1129.0,40 L,Free delivery,"Below ₹2,000"
752,Axen,['60 L Strolley Duffel Bag'],"₹2,999",73% off,799.0,60 L,Free delivery,"Below ₹1,000"
753,Jholawala,['65 L Strolley Duffel Bag'],"₹2,999",86% off,399.0,65 L,Free delivery,Below ₹500
754,familiar,['60 L Strolley Duffel Bag'],"₹4,999",82% off,899.0,60 L,Free delivery,"Below ₹1,000"
755,Airfancy,['40 L Strolley Duffel Bag'],"₹1,599",76% off,381.0,40 L,Free delivery,Below ₹500
756,Hunk Collection,['65 L Strolley Duffel Bag'],"₹2,999",83% off,499.0,65 L,Free delivery,Below ₹500
757,STORITE,,"₹1,499",46% off,799.0,,Free delivery,"Below ₹1,000"
758,Aliva Luggage,['55 L Strolley Duffel Bag'],"₹2,699",82% off,463.0,55 L,Free delivery,Below ₹500
759,Trovety Travel Luggage,['65 L Strolley Duffel Bag'],"₹2,125",78% off,452.0,65 L,Free delivery,Below ₹500
760,Familiar Travel Luggage,['40 L Hand Duffel Bag'],"₹2,899",79% off,599.0,40 L,Free delivery,"Below ₹1,000"
761,Pancy Rozen Luggage,['60 L Hand Duffel Bag'],"₹1,983",67% off,648.0,60 L,Free delivery,"Below ₹1,000"
762,Aliva Aliya Luggage,['65 L Strolley Duffel Bag'],"₹3,299",74% off,849.0,65 L,Free delivery,"Below ₹1,000"
763,Familiar Travel Luggage,['40 L Hand Duffel Bag'],"₹2,899",79% off,599.0,40 L,Free delivery,"Below ₹1,000"
764,Aliva Aliya Luggage,['65 L Strolley Duffel Bag'],"₹3,299",74% off,849.0,65 L,Free delivery,"Below ₹1,000"
765,Jholawala,['56 L Strolley Duffel Bag'],"₹1,499",73% off,399.0,56 L,Free delivery,Below ₹500
766,PROVOGUE,['50 L Strolley Duffel Bag'],"₹2,999",79% off,600.0,50 L,Free delivery,"Below ₹1,000"
767,perfactstar,['70 L Hand Duffel Bag'],"₹1,999",74% off,511.0,70 L,Free delivery,"Below ₹1,000"
768,SASCO,['65 L Strolley Duffel Bag'],"₹2,999",86% off,399.0,65 L,Free delivery,Below ₹500
769,Aliya Aliva Luggage,['60 L Strolley Duffel Bag'],"₹1,999",78% off,439.0,60 L,Free delivery,Below ₹500
770,SKYBAGS,['20 L Strolley Duffel Bag'],"₹6,405",64% off,2248.0,20 L,Free delivery,"Below ₹5,000"
771,Kopila,['56 L Hand Duffel Bag'],₹899,73% off,239.0,56 L,,Below ₹500
772,skyfall,['50 L Hand Duffel Bag'],"₹1,299",76% off,299.0,50 L,,Below ₹500
773,Decent Luggage,['90 L Hand Duffel Bag'],"₹2,999",80% off,599.0,90 L,Free delivery,"Below ₹1,000"
774,Apnav,,"₹1,400",50% off,698.0,,Free delivery,"Below ₹1,000"
775,SAFARI,['56 L Strolley Duffel Bag'],"₹3,999",66% off,1349.0,56 L,Free delivery,"Below ₹2,000"
776,ZEDEN,"['40 L Strolley Duffel Bag', '40 L Strolley Duffel Bag']","₹2,499",84% off,376.0,40 L,Free delivery,Below ₹500
777,TOPMOON FASHION,['65 L Strolley Duffel Bag'],"₹1,999",67% off,649.0,65 L,Free delivery,"Below ₹1,000"
778,Rozen Luggage Bag,['60 L Hand Duffel Bag'],"₹1,983",72% off,555.0,60 L,Free delivery,"Below ₹1,000"
779,PRP Collection,,"₹1,299",61% off,499.0,,Free delivery,Below ₹500
780,Strabo,['28 L Gym Duffel Bag'],₹749,20% off,599.0,28 L,Free delivery,"Below ₹1,000"
781,ZERUS,['60 L Strolley Duffel Bag'],"₹1,599",74% off,403.0,60 L,Free delivery,Below ₹500
782,SKYLINE,['80 L Hand Duffel Bag'],"₹3,500",61% off,1339.0,80 L,Free delivery,"Below ₹2,000"
783,PROVOGUE,['70 L Strolley Duffel Bag'],"₹3,599",81% off,649.0,70 L,Free delivery,"Below ₹1,000"
784,Lavie Sport,['40 L Hand Duffel Bag'],"₹3,499",77% off,782.0,40 L,Free delivery,"Below ₹1,000"
785,Aliva Aliya Luggage,['65 L Strolley Duffel Bag'],"₹3,299",74% off,849.0,65 L,Free delivery,"Below ₹1,000"
786,Ontop trends,['60 L Hand Duffel Bag'],"₹2,999",83% off,483.0,60 L,Free delivery,Below ₹500
787,Sky Script,"['60 L Strolley Duffel Bag', '60 L Strolley Duffel Bag']","₹2,999",85% off,426.0,60 L,Free delivery,Below ₹500
788,Aliva Luggage,['55 L Strolley Duffel Bag'],"₹2,699",82% off,463.0,55 L,Free delivery,Below ₹500
789,Flyinza,['65 L Strolley Duffel Bag'],"₹2,199",78% off,471.0,65 L,Free delivery,Below ₹500
790,XZERUS,['55 L Strolley Duffel Bag'],"₹2,999",65% off,1026.0,55 L,Free delivery,"Below ₹2,000"
791,SKYBAGS,['50 L Hand Duffel Bag'],"₹2,200",38% off,1345.0,50 L,Free delivery,"Below ₹2,000"
792,XZERUS,['55 L Strolley Duffel Bag'],"₹2,999",62% off,1130.0,55 L,Free delivery,"Below ₹2,000"
793,XZERUS,['55 L Strolley Duffel Bag'],"₹2,999",62% off,1130.0,55 L,Free delivery,"Below ₹2,000"
794,XZERUS,['55 L Strolley Duffel Bag'],"₹2,999",62% off,1130.0,55 L,Free delivery,"Below ₹2,000"
795,Aliva Aliya Luggage,['58 L Strolley Duffel Bag'],"₹1,999",75% off,499.0,58 L,Free delivery,Below ₹500
796,Aliva Aliya Luggage,['58 L Strolley Duffel Bag'],"₹1,999",75% off,499.0,58 L,Free delivery,Below ₹500
797,Airfancy,['40 L Strolley Duffel Bag'],"₹1,799",79% off,373.0,40 L,Free delivery,Below ₹500
798,COOL INDIANS,['20 L Gym Duffel Bag'],₹799,62% off,298.0,20 L,Free delivery,Below ₹500
799,NHQ FASHION,['50 L Strolley Duffel Bag'],"₹4,999",80% off,989.0,50 L,Free delivery,"Below ₹1,000"
800,AMERICAN TOURISTER,['78 L Strolley Duffel Bag'],"₹4,090",61% off,1569.0,78 L,Free delivery,"Below ₹2,000"
801,AMERICAN TOURISTER,['52 l Hand Duffel Bag'],"₹2,950",61% off,1129.0,52 l,Free delivery,"Below ₹2,000"
802,Familiar Travel Luggage,['40 L Hand Duffel Bag'],"₹2,899",79% off,599.0,40 L,Free delivery,"Below ₹1,000"
803,PAZZO,['42 L Hand Duffel Bag'],"₹1,549",54% off,699.0,42 L,Free delivery,"Below ₹1,000"
804,MS DECENT LUGGAGE,['80 L Hand Duffel Bag'],"₹4,999",79% off,1048.0,80 L,Free delivery,"Below ₹2,000"
805,Aliva Luggage,['55 L Strolley Duffel Bag'],"₹2,699",82% off,463.0,55 L,Free delivery,Below ₹500
806,AMERICAN TOURISTER,['78 L Strolley Duffel Bag'],"₹4,090",62% off,1529.0,78 L,Free delivery,"Below ₹2,000"
807,AMERICAN TOURISTER,,"₹4,500",62% off,1669.0,,Free delivery,"Below ₹2,000"
808,Axen,['60 L Strolley Duffel Bag'],"₹2,999",73% off,799.0,60 L,Free delivery,"Below ₹1,000"
809,REBECCA,['60 L Strolley Duffel Bag'],"₹1,299",65% off,449.0,60 L,Free delivery,Below ₹500
810,Kamiliant by American Tourister,['66 L Strolley Duffel Bag'],"₹3,750",57% off,1599.0,66 L,Free delivery,"Below ₹2,000"
811,Wildcraft,['30 L Hand Duffel Bag'],"₹1,449",57% off,619.0,30 L,Free delivery,"Below ₹1,000"
812,AMERICAN TOURISTER,['85 L Strolley Duffel Bag'],"₹5,050",44% off,2802.0,85 L,Free delivery,"Below ₹5,000"
813,SKY SIXT4,['75 L Strolley Duffel Bag'],"₹2,499",82% off,439.0,75 L,Free delivery,Below ₹500
814,YES STYLE,['40 L Strolley Duffel Bag'],"₹1,299",70% off,385.0,40 L,,Below ₹500
815,bayo,['50 L Hand Duffel Bag'],"₹1,999",70% off,599.0,50 L,Free delivery,"Below ₹1,000"
816,AMERICAN TOURISTER,['56 L Strolley Duffel Bag'],"₹3,790",61% off,1469.0,56 L,Free delivery,"Below ₹2,000"
817,AMERICAN TOURISTER,['52 l Strolley Duffel Bag'],"₹4,000",64% off,1409.0,52 l,Free delivery,"Below ₹2,000"
818,WROGN,['40 L Strolley Duffel Bag'],"₹3,299",81% off,594.0,40 L,,"Below ₹1,000"
819,MEDLER,['60 L Strolley Duffel Bag'],"₹2,599",82% off,462.0,60 L,Free delivery,Below ₹500
820,AMERICAN TOURISTER,['56 L Strolley Duffel Bag'],"₹3,790",62% off,1409.0,56 L,Free delivery,"Below ₹2,000"
821,ZEDEN,['65 L Strolley Duffel Bag'],"₹2,999",87% off,377.0,65 L,Free delivery,Below ₹500
822,RB Suffer,"['80 L Strolley Duffel Bag', '80 L Strolley Duffle Bag']","₹3,499",74% off,899.0,80 L,Free delivery,"Below ₹1,000"
823,Bright Luggage,['40 L Hand Duffel Bag'],₹999,64% off,359.0,40 L,Free delivery,Below ₹500
824,PAZZO,['42 L Hand Duffel Bag'],"₹1,549",54% off,699.0,42 L,Free delivery,"Below ₹1,000"
825,Aliva Aliya Luggage,['65 L Strolley Duffel Bag'],"₹3,299",74% off,849.0,65 L,Free delivery,"Below ₹1,000"
826,Kamiliant by American Tourister,['41 L Strolley Duffel Bag'],"₹3,150",65% off,1089.0,41 L,Free delivery,"Below ₹2,000"
827,AMERICAN TOURISTER,['62 l Strolley Duffel Bag'],"₹4,500",62% off,1709.0,62 l,Free delivery,"Below ₹2,000"
828,SAFARI,['60 L Strolley Duffel Bag'],"₹4,999",60% off,1999.0,60 L,Free delivery,"Below ₹2,000"
829,Leatherworld,['43 L Hand Duffel Bag'],"₹2,999",64% off,1060.0,43 L,Free delivery,"Below ₹2,000"
830,BAG 4 U,['40 L Strolley Duffel Bag'],"₹2,999",87% off,379.0,40 L,Free delivery,Below ₹500
831,Wildcraft,['40 L Hand Duffel Bag'],"₹2,999",61% off,1159.0,40 L,Free delivery,"Below ₹2,000"
832,Alson Duffle Luggage,['65 L Hand Duffel Bag'],"₹2,199",77% off,499.0,65 L,Free delivery,Below ₹500
833,Aliya Aliva Luggage,['60 L Strolley Duffel Bag'],"₹1,999",78% off,439.0,60 L,Free delivery,Below ₹500
834,VIP,['65 L Strolley Duffel Bag'],"₹5,600",50% off,2800.0,65 L,Free delivery,"Below ₹5,000"
835,FLYIT,['28 L Hand Duffel Bag'],₹999,35% off,649.0,28 L,Free delivery,"Below ₹1,000"
836,Nice Line,['60 L Strolley Duffel Bag'],"₹2,499",82% off,427.0,60 L,Free delivery,Below ₹500
837,FLYIT,['35 L Hand Duffel Bag'],"₹1,399",39% off,847.0,35 L,Free delivery,"Below ₹1,000"
838,VIP,['52 L Hand Duffel Bag'],,,,52 L,,
839,perfactstar,['70 L Hand Duffel Bag'],"₹1,999",73% off,536.0,70 L,Free delivery,"Below ₹1,000"
840,AMERICAN TOURISTER,['78 L Strolley Duffel Bag'],"₹4,090",61% off,1569.0,78 L,Free delivery,"Below ₹2,000"
841,SAFARI,['56 L Strolley Duffel Bag'],"₹3,870",71% off,1109.0,56 L,Free delivery,"Below ₹2,000"
842,PUMA,['27 L Hand Duffel Bag'],"₹1,299",30% off,899.0,27 L,Free delivery,"Below ₹1,000"
843,Lavie Sport,['33 L Gym Duffel Bag'],"₹3,799",77% off,849.0,33 L,Free delivery,"Below ₹1,000"
844,PROVOGUE,['50 L Strolley Duffel Bag'],"₹4,499",77% off,1019.0,50 L,Free delivery,"Below ₹2,000"
845,RB Suffer,"['80 L Strolley Duffel Bag', '80 L Strolley Duffle Bag']","₹3,499",74% off,899.0,80 L,Free delivery,"Below ₹1,000"
846,AMERICAN TOURISTER,['52 l Hand Duffel Bag'],"₹2,950",61% off,1129.0,52 l,Free delivery,"Below ₹2,000"
847,AMERICAN TOURISTER,['78 L Strolley Duffel Bag'],"₹4,090",62% off,1529.0,78 L,Free delivery,"Below ₹2,000"
848,Joyous,['40 L Strolley Duffel Bag'],"₹1,999",78% off,425.0,40 L,Free delivery,Below ₹500
849,Travalate,['65 L Hand Duffel Bag'],"₹1,799",48% off,928.0,65 L,Free delivery,"Below ₹1,000"
850,AMERICAN TOURISTER,,"₹4,500",62% off,1669.0,,Free delivery,"Below ₹2,000"
851,Kamiliant by American Tourister,['66 L Strolley Duffel Bag'],"₹3,750",57% off,1599.0,66 L,Free delivery,"Below ₹2,000"
852,PUMA,['32 L Hand Duffel Bag'],"₹1,299",22% off,1009.0,32 L,Free delivery,"Below ₹2,000"
853,Aliva Aliya Luggage,['58 L Strolley Duffel Bag'],"₹1,999",75% off,499.0,58 L,Free delivery,Below ₹500
854,FUR JADEN,['35 L Hand Duffel Bag'],"₹4,000",71% off,1150.0,35 L,Free delivery,"Below ₹2,000"
855,Frontsy,['86 L Strolley Duffel Bag'],"₹5,499",78% off,1207.0,86 L,Free delivery,"Below ₹2,000"
856,Wildcraft,['30 L Hand Duffel Bag'],"₹1,449",57% off,619.0,30 L,Free delivery,"Below ₹1,000"
857,AMERICAN TOURISTER,['56 L Strolley Duffel Bag'],"₹3,790",61% off,1469.0,56 L,Free delivery,"Below ₹2,000"
858,Familiar Travel Luggage,['40 L Hand Duffel Bag'],"₹2,899",79% off,599.0,40 L,Free delivery,"Below ₹1,000"
859,Pancy Rozen Luggage,['60 L Hand Duffel Bag'],"₹1,983",67% off,648.0,60 L,Free delivery,"Below ₹1,000"
860,ZEDEN,['65 L Strolley Duffel Bag'],"₹2,999",87% off,377.0,65 L,Free delivery,Below ₹500
861,bayo,['65 L Hand Duffel Bag'],"₹3,999",75% off,999.0,65 L,Free delivery,"Below ₹1,000"
862,Weelza Duffle Luggage,['50 L Strolley Duffel Bag'],"₹2,499",85% off,374.0,50 L,Free delivery,Below ₹500
863,PRP Collection,,"₹1,299",61% off,499.0,,Free delivery,Below ₹500
864,PROVOGUE,['50 L Strolley Duffel Bag'],"₹3,299",84% off,509.0,50 L,Free delivery,"Below ₹1,000"
865,Strabo,['50 L Hand Duffel Bag'],"₹1,499",22% off,1165.0,50 L,Free delivery,"Below ₹2,000"
866,AMERICAN TOURISTER,['52 l Strolley Duffel Bag'],"₹4,000",64% off,1409.0,52 l,Free delivery,"Below ₹2,000"
867,AMERICAN TOURISTER,['56 L Strolley Duffel Bag'],"₹3,790",62% off,1409.0,56 L,Free delivery,"Below ₹2,000"
868,TOPMOON FASHION,['65 L Strolley Duffel Bag'],"₹1,999",67% off,649.0,65 L,Free delivery,"Below ₹1,000"
869,SAKSHI FASHION,['60 L Strolley Duffel Bag'],"₹1,999",80% off,381.0,60 L,Free delivery,Below ₹500
870,Decent Luggage,['90 L Hand Duffel Bag'],"₹2,999",83% off,499.0,90 L,Free delivery,Below ₹500
871,BAG 4 U,['40 L Strolley Duffel Bag'],"₹2,999",87% off,379.0,40 L,Free delivery,Below ₹500
872,PROVOGUE,['50 L Strolley Duffel Bag'],"₹3,299",86% off,452.0,50 L,Free delivery,Below ₹500
873,Aliya Aliva Luggage,['60 L Strolley Duffel Bag'],"₹3,999",72% off,1099.0,60 L,Free delivery,"Below ₹2,000"
874,PROVOGUE,['50 L Strolley Duffel Bag'],"₹3,299",81% off,594.0,50 L,Free delivery,"Below ₹1,000"
875,WAYCRAFT,['60 L Strolley Duffel Bag'],"₹3,299",79% off,686.0,60 L,Free delivery,"Below ₹1,000"
876,Kamiliant by American Tourister,['41 L Strolley Duffel Bag'],"₹3,150",65% off,1089.0,41 L,Free delivery,"Below ₹2,000"
877,Nice Line,['60 L Strolley Duffel Bag'],"₹2,499",82% off,427.0,60 L,Free delivery,Below ₹500
878,Rozen Luggage Bag,['60 L Hand Duffel Bag'],"₹1,983",72% off,555.0,60 L,Free delivery,"Below ₹1,000"
879,Aliva Aliya Luggage,['58 L Strolley Duffel Bag'],"₹1,999",75% off,499.0,58 L,Free delivery,Below ₹500
